id,kickoff_utc,season,season_type,week,away_team,home_team,neutral_site,conference_game,model_total,proj_home_score,proj_away_score,home_win_prob,market_spread_home,market_total,model_spread_home,model_market_delta,model_pick_ats,model_market_total_delta,issued_at_utc,data_cutoff_utc,run_id
401858214,2026-09-11 23:30:00,2026,regular,2.0,Rutgers,Boston College,0.0,0.0,58.5,29.9,28.6,0.531,-3.2,54.5,-1.3,-1.9,Rutgers,4.0,2026-09-08T12:40:47.385745+00:00,2026-09-08T12:40:37.499649Z,20260908T124047636305Z_bed5eb6b
401856678,2026-09-12 00:00:00,2026,regular,2.0,Missouri,Kansas,0.0,0.0,52.9,23.3,29.6,0.356,5.5,50.2,6.3,-0.8,Missouri,2.7,2026-09-08T12:40:47.385745+00:00,2026-09-08T12:40:37.499649Z,20260908T124047636305Z_bed5eb6b
401856679,2026-09-12 16:00:00,2026,regular,2.0,Oklahoma,Michigan,0.0,0.0,43.6,20.4,23.1,0.437,5.5,43.5,2.7,2.8,Michigan,0.1,2026-09-08T12:40:47.385745+00:00,2026-09-08T12:40:37.499649Z,20260908T124047636305Z_bed5eb6b
401856683,2026-09-12 16:00:00,2026,regular,2.0,Arizona State,Texas A&M,0.0,0.0,49.8,35.5,14.3,0.894,-14.2,51.5,-21.2,6.9,Texas A&M,-1.7,2026-09-08T12:40:47.385745+00:00,2026-09-08T12:40:37.499649Z,20260908T124047636305Z_bed5eb6b
401856781,2026-09-12 16:00:00,2026,regular,2.0,Washington State,Kansas State,0.0,0.0,50.1,28.2,21.9,0.644,-18.5,49.2,-6.3,-12.2,Washington State,0.9,2026-09-08T12:40:47.385745+00:00,2026-09-08T12:40:37.499649Z,20260908T124047636305Z_bed5eb6b
401856782,2026-09-12 16:00:00,2026,regular,2.0,Oregon,Oklahoma State,0.0,0.0,56.1,15.3,40.8,0.066,22.5,57.5,25.6,-3.1,Oregon,-1.4,2026-09-08T12:40:47.385745+00:00,2026-09-08T12:40:37.499649Z,20260908T124047636305Z_bed5eb6b
401858221,2026-09-12 16:00:00,2026,regular,2.0,Old Dominion,Virginia Tech,0.0,0.0,49.9,24.7,25.2,0.487,-18.5,51.2,0.6,-19.1,Old Dominion,-1.4,2026-09-08T12:40:47.385745+00:00,2026-09-08T12:40:37.499649Z,20260908T124047636305Z_bed5eb6b
401858224,2026-09-12 16:00:00,2026,regular,2.0,Wake Forest,Purdue,0.0,0.0,56.4,25.5,30.9,0.374,3.8,49.5,5.5,-1.7,Wake Forest,6.9,2026-09-08T12:40:47.385745+00:00,2026-09-08T12:40:37.499649Z,20260908T124047636305Z_bed5eb6b
401858442,2026-09-12 16:00:00,2026,regular,2.0,Penn State,Temple,0.0,0.0,53.5,15.2,38.3,0.086,23.8,49.5,23.2,0.6,Temple,4.0,2026-09-08T12:40:47.385745+00:00,2026-09-08T12:40:37.499649Z,20260908T124047636305Z_bed5eb6b
401862702,2026-09-12 16:00:00,2026,regular,2.0,South Florida,Army,0.0,1.0,54.4,24.6,29.8,0.381,-3.5,47.5,5.2,-8.7,South Florida,6.9,2026-09-08T12:40:47.385745+00:00,2026-09-08T12:40:37.499649Z,20260908T124047636305Z_bed5eb6b
401864571,2026-09-12 16:00:00,2026,regular,2.0,App State,East Carolina,0.0,0.0,49.9,29.0,21.0,0.682,-7.5,56.5,-8.0,0.5,East Carolina,-6.6,2026-09-08T12:40:47.385745+00:00,2026-09-08T12:40:37.499649Z,20260908T124047636305Z_bed5eb6b
401856673,2026-09-12 16:45:00,2026,regular,2.0,Western Kentucky,Georgia,0.0,0.0,53.1,41.8,11.3,0.964,-40.0,54.2,-30.5,-9.5,Western Kentucky,-1.2,2026-09-08T12:40:47.385745+00:00,2026-09-08T12:40:37.499649Z,20260908T124047636305Z_bed5eb6b
401856674,2026-09-12 19:30:00,2026,regular,2.0,Alabama,Kentucky,0.0,1.0,47.3,17.8,29.5,0.245,10.5,49.2,11.7,-1.2,Alabama,-2.0,2026-09-08T12:40:47.385745+00:00,2026-09-08T12:40:37.499649Z,20260908T124047636305Z_bed5eb6b
401856677,2026-09-12 19:30:00,2026,regular,2.0,Mississippi State,Minnesota,0.0,0.0,46.7,21.2,25.4,0.403,0.2,55.5,4.2,-3.9,Mississippi State,-8.8,2026-09-08T12:40:47.385745+00:00,2026-09-08T12:40:37.499649Z,20260908T124047636305Z_bed5eb6b
401856790,2026-09-12 19:30:00,2026,regular,2.0,UCF,Pittsburgh,0.0,0.0,51.0,32.1,18.9,0.781,-7.0,57.5,-13.2,6.2,Pittsburgh,-6.5,2026-09-08T12:40:47.385745+00:00,2026-09-08T12:40:37.499649Z,20260908T124047636305Z_bed5eb6b
401856810,2026-09-12 19:30:00,2026,regular,2.0,Arizona,BYU,0.0,1.0,45.9,24.3,21.6,0.564,-7.5,50.2,-2.7,-4.8,Arizona,-4.3,2026-09-08T12:40:47.385745+00:00,2026-09-08T12:40:37.499649Z,20260908T124047636305Z_bed5eb6b
401858216,2026-09-12 19:30:00,2026,regular,2.0,California,Syracuse,0.0,1.0,54.3,27.6,26.7,0.519,-3.2,56.5,-0.8,-2.4,California,-2.2,2026-09-08T12:40:47.385745+00:00,2026-09-08T12:40:37.499649Z,20260908T124047636305Z_bed5eb6b
401858217,2026-09-12 19:30:00,2026,regular,2.0,Duke,Illinois,0.0,0.0,55.6,29.8,25.7,0.595,-5.8,53.5,-4.1,-1.7,Duke,2.1,2026-09-08T12:40:47.385745+00:00,2026-09-08T12:40:37.499649Z,20260908T124047636305Z_bed5eb6b
401858440,2026-09-12 19:30:00,2026,regular,2.0,Eastern Michigan,Michigan State,0.0,0.0,51.7,30.1,21.6,0.693,-17.2,50.5,-8.6,-8.7,Eastern Michigan,1.2,2026-09-08T12:40:47.385745+00:00,2026-09-08T12:40:37.499649Z,20260908T124047636305Z_bed5eb6b
401858444,2026-09-12 19:30:00,2026,regular,2.0,Maryland,UConn,0.0,0.0,60.1,32.4,27.6,0.612,12.5,52.5,-4.8,17.3,UConn,7.6,2026-09-08T12:40:47.385745+00:00,2026-09-08T12:40:37.499649Z,20260908T124047636305Z_bed5eb6b
401858446,2026-09-12 19:30:00,2026,regular,2.0,Utah State,Washington,0.0,0.0,57.9,38.5,19.3,0.871,-26.5,55.5,-19.2,-7.3,Utah State,2.4,2026-09-08T12:40:47.385745+00:00,2026-09-08T12:40:37.499649Z,20260908T124047636305Z_bed5eb6b
401859184,2026-09-12 19:30:00,2026,regular,2.0,Rice,Notre Dame,0.0,0.0,59.2,50.9,8.3,0.994,-44.5,54.5,-42.6,-1.9,Rice,4.7,2026-09-08T12:40:47.385745+00:00,2026-09-08T12:40:37.499649Z,20260908T124047636305Z_bed5eb6b
401860884,2026-09-12 19:30:00,2026,regular,2.0,UTSA,Texas State,0.0,0.0,62.6,29.9,32.7,0.433,-1.5,64.5,2.9,-4.4,UTSA,-1.9,2026-09-08T12:40:47.385745+00:00,2026-09-08T12:40:37.499649Z,20260908T124047636305Z_bed5eb6b
401862708,2026-09-12 19:30:00,2026,regular,2.0,UL Monroe,UAB,0.0,0.0,57.6,34.8,22.9,0.758,-10.2,55.8,-11.9,1.6,UAB,1.9,2026-09-08T12:40:47.385745+00:00,2026-09-08T12:40:37.499649Z,20260908T124047636305Z_bed5eb6b
401862705,2026-09-12 19:45:00,2026,regular,2.0,UNLV,North Texas,0.0,0.0,67.0,35.3,31.7,0.583,3.8,56.8,-3.6,7.3,North Texas,10.2,2026-09-08T12:40:47.385745+00:00,2026-09-08T12:40:37.499649Z,20260908T124047636305Z_bed5eb6b
401856684,2026-09-12 20:15:00,2026,regular,2.0,Delaware,Vanderbilt,0.0,0.0,61.0,42.5,18.5,0.921,-20.8,54.0,-24.0,3.2,Vanderbilt,7.0,2026-09-08T12:40:47.385745+00:00,2026-09-08T12:40:37.499649Z,20260908T124047636305Z_bed5eb6b
401860881,2026-09-12 22:00:00,2026,regular,2.0,Memphis,Boise State,0.0,0.0,53.1,27.5,25.6,0.543,-9.0,54.5,-1.8,-7.2,Memphis,-1.4,2026-09-08T12:40:47.385745+00:00,2026-09-08T12:40:37.499649Z,20260908T124047636305Z_bed5eb6b
401866414,2026-09-12 22:00:00,2026,regular,2.0,Buffalo,Florida International,0.0,0.0,50.3,27.3,23.0,0.601,-10.2,47.5,-4.4,-5.9,Buffalo,2.8,2026-09-08T12:40:47.385745+00:00,2026-09-08T12:40:37.499649Z,20260908T124047636305Z_bed5eb6b
401866418,2026-09-12 22:00:00,2026,regular,2.0,Jacksonville State,Ohio,0.0,0.0,51.7,27.6,24.1,0.583,-2.8,51.5,-3.6,0.8,Ohio,0.2,2026-09-08T12:40:47.385745+00:00,2026-09-08T12:40:37.499649Z,20260908T124047636305Z_bed5eb6b
401856681,2026-09-12 23:00:00,2026,regular,2.0,Tennessee,Georgia Tech,0.0,0.0,61.2,27.4,33.8,0.353,12.5,55.5,6.4,6.1,Georgia Tech,5.7,2026-09-08T12:40:47.385745+00:00,2026-09-08T12:40:37.499649Z,20260908T124047636305Z_bed5eb6b
401858441,2026-09-12 23:00:00,2026,regular,2.0,Bowling Green,Nebraska,0.0,0.0,54.2,36.4,17.8,0.863,-28.8,51.8,-18.6,-10.2,Bowling Green,2.4,2026-09-08T12:40:47.385745+00:00,2026-09-08T12:40:37.499649Z,20260908T124047636305Z_bed5eb6b
401862707,2026-09-12 23:00:00,2026,regular,2.0,Tulsa,Sam Houston,0.0,0.0,55.4,25.9,29.5,0.418,13.5,51.5,3.5,10.0,Sam Houston,3.9,2026-09-08T12:40:47.385745+00:00,2026-09-08T12:40:37.499649Z,20260908T124047636305Z_bed5eb6b
401864575,2026-09-12 23:00:00,2026,regular,2.0,South Alabama,Tulane,0.0,0.0,52.0,30.5,21.5,0.701,-9.5,49.8,-9.0,-0.5,South Alabama,2.2,2026-09-08T12:40:47.385745+00:00,2026-09-08T12:40:37.499649Z,20260908T124047636305Z_bed5eb6b
401869955,2026-09-12 23:00:00,2026,regular,2.0,Georgia State,Kennesaw State,0.0,0.0,59.6,32.2,27.4,0.611,-9.5,54.2,-4.8,-4.7,Georgia State,5.3,2026-09-08T12:40:47.385745+00:00,2026-09-08T12:40:37.499649Z,20260908T124047636305Z_bed5eb6b
401871045,2026-09-12 23:00:00,2026,regular,2.0,Middle Tennessee,Marshall,0.0,0.0,54.9,29.5,25.4,0.595,-13.8,58.5,-4.1,-9.7,Middle Tennessee,-3.6,2026-09-08T12:40:47.385745+00:00,2026-09-08T12:40:37.499649Z,20260908T124047636305Z_bed5eb6b
401858443,2026-09-12 23:15:00,2026,regular,2.0,San Diego State,UCLA,0.0,0.0,51.8,27.3,24.6,0.564,-11.5,53.2,-2.7,-8.8,San Diego State,-1.4,2026-09-08T12:40:47.385745+00:00,2026-09-08T12:40:37.499649Z,20260908T124047636305Z_bed5eb6b
401856682,2026-09-12 23:30:00,2026,regular,2.0,Ohio State,Texas,0.0,0.0,52.3,25.2,27.0,0.458,-1.8,48.8,1.8,-3.5,Ohio State,3.5,2026-09-08T12:40:47.385745+00:00,2026-09-08T12:40:37.499649Z,20260908T124047636305Z_bed5eb6b
401856783,2026-09-12 23:30:00,2026,regular,2.0,Texas Tech,Oregon State,0.0,0.0,51.5,15.4,36.0,0.113,26.0,51.5,20.6,5.4,Oregon State,-0.0,2026-09-08T12:40:47.385745+00:00,2026-09-08T12:40:37.499649Z,20260908T124047636305Z_bed5eb6b
401856788,2026-09-12 23:30:00,2026,regular,2.0,Iowa State,Iowa,0.0,0.0,46.5,30.0,16.4,0.788,-15.0,41.2,-13.6,-1.4,Iowa State,5.2,2026-09-08T12:40:47.385745+00:00,2026-09-08T12:40:37.499649Z,20260908T124047636305Z_bed5eb6b
401858219,2026-09-12 23:30:00,2026,regular,2.0,Georgia Southern,Clemson,0.0,0.0,51.5,33.8,17.7,0.829,-21.0,55.5,-16.1,-4.9,Georgia Southern,-4.0,2026-09-08T12:40:47.385745+00:00,2026-09-08T12:40:37.499649Z,20260908T124047636305Z_bed5eb6b
401862703,2026-09-12 23:30:00,2026,regular,2.0,Navy,Florida Atlantic,0.0,1.0,56.6,26.1,30.5,0.4,5.0,59.2,4.3,0.7,Florida Atlantic,-2.7,2026-09-08T12:40:47.385745+00:00,2026-09-08T12:40:37.499649Z,20260908T124047636305Z_bed5eb6b
401867796,2026-09-12 23:30:00,2026,regular,2.0,Louisiana Tech,LSU,0.0,0.0,49.8,35.8,14.1,0.899,-36.0,55.8,-21.7,-14.3,Louisiana Tech,-5.9,2026-09-08T12:40:47.385745+00:00,2026-09-08T12:40:37.499649Z,20260908T124047636305Z_bed5eb6b
401856671,2026-09-12 23:45:00,2026,regular,2.0,Southern Miss,Auburn,0.0,0.0,52.8,35.7,17.1,0.863,-33.0,54.5,-18.6,-14.4,Southern Miss,-1.7,2026-09-08T12:40:47.385745+00:00,2026-09-08T12:40:37.499649Z,20260908T124047636305Z_bed5eb6b
401856676,2026-09-12 23:45:00,2026,regular,2.0,Charlotte,Ole Miss,0.0,0.0,56.5,48.5,8.0,0.991,-47.5,61.5,-40.5,-7.0,Charlotte,-5.0,2026-09-08T12:40:47.385745+00:00,2026-09-08T12:40:37.499649Z,20260908T124047636305Z_bed5eb6b
401864502,2026-09-13 02:00:00,2026,regular,2.0,North Dakota State,Air Force,0.0,1.0,61.8,29.0,32.8,0.412,2.5,47.5,3.8,-1.3,North Dakota State,14.3,2026-09-08T12:40:47.385745+00:00,2026-09-08T12:40:37.499649Z,20260908T124047636305Z_bed5eb6b
401856670,2026-09-13 02:15:00,2026,regular,2.0,Arkansas,Utah,0.0,0.0,59.8,36.9,22.9,0.793,-12.0,56.5,-13.9,1.9,Utah,3.3,2026-09-08T12:40:47.385745+00:00,2026-09-08T12:40:37.499649Z,20260908T124047636305Z_bed5eb6b
401860883,2026-09-13 02:30:00,2026,regular,2.0,Sacramento State,Fresno State,0.0,0.0,52.6,27.0,25.6,0.532,-18.2,45.5,-1.4,-16.9,Sacramento State,7.1,2026-09-08T12:40:47.385745+00:00,2026-09-08T12:40:37.499649Z,20260908T124047636305Z_bed5eb6b
401858445,2026-09-13 03:00:00,2026,regular,2.0,Louisiana,USC,0.0,0.0,54.9,42.1,12.8,0.957,-31.0,60.2,-29.3,-1.7,Louisiana,-5.4,2026-09-08T12:40:47.385745+00:00,2026-09-08T12:40:37.499649Z,20260908T124047636305Z_bed5eb6b
401864578,2026-09-13 03:59:00,2026,regular,2.0,New Mexico State,Hawai'i,0.0,0.0,53.5,30.7,22.9,0.676,-9.5,50.5,-7.8,-1.7,New Mexico State,3.0,2026-09-08T12:40:47.385745+00:00,2026-09-08T12:40:37.499649Z,20260908T124047636305Z_bed5eb6b
