kickoff_utc,season,week,away_team,home_team,neutral_site,conference_game,market_spread_home,model_spread_home,model_market_delta,model_pick_ats,market_total,model_total,model_market_total_delta,home_win_prob,proj_home_score,proj_away_score
2026-08-29 16:00:00,2026,1,North Carolina,TCU,1.0,0.0,-7.8,-15.7,8.0,TCU,47.5,49.9,2.4,0.822,32.8,17.1
2026-08-29 19:00:00,2026,1,San José State,USC,0.0,0.0,-38.2,-36.0,-2.3,San José State,60.0,64.3,4.3,0.983,50.1,14.1
2026-08-29 19:30:00,2026,1,NC State,Virginia,0.0,1.0,-5.8,-14.6,8.8,Virginia,53.5,52.9,-0.6,0.805,33.8,19.2
2026-08-29 21:30:00,2026,1,Jacksonville State,North Dakota State,0.0,0.0,-7.0,4.6,-11.6,Jacksonville State,46.2,53.1,6.8,0.393,24.2,28.8
2026-08-29 22:30:00,2026,1,Sacramento State,Eastern Michigan,0.0,1.0,-9.0,-12.4,3.4,Eastern Michigan,52.5,50.9,-1.6,0.768,31.7,19.2
2026-08-29 23:00:00,2026,1,New Mexico State,Florida State,0.0,0.0,-31.2,-32.4,1.2,Florida State,53.2,54.6,1.4,0.972,43.5,11.1
2026-08-29 23:00:00,2026,1,Hawai'i,Stanford,0.0,0.0,-5.5,2.4,-7.9,Hawai'i,49.2,46.4,-2.8,0.444,22.0,24.4
2026-08-30 02:00:00,2026,1,Memphis,UNLV,0.0,0.0,-5.5,-4.2,-1.3,Memphis,56.8,55.9,-0.8,0.597,30.1,25.9
2026-09-03 22:00:00,2026,1,Massachusetts,Rutgers,0.0,0.0,-30.5,-28.8,-1.7,Massachusetts,53.8,61.7,8.0,0.955,45.3,16.5
2026-09-03 23:00:00,2026,1,UAlbany,Buffalo,0.0,0.0,-24.5,-27.7,3.2,Buffalo,48.5,50.7,2.2,0.949,39.2,11.5
2026-09-03 23:00:00,2026,1,Merrimack,Delaware,0.0,0.0,-28.5,-11.9,-16.6,Merrimack,55.5,51.6,-3.9,0.758,31.8,19.9
2026-09-03 23:00:00,2026,1,West Georgia,Kennesaw State,0.0,0.0,-22.5,-23.8,1.3,Kennesaw State,51.5,51.9,0.4,0.919,37.9,14.1
2026-09-03 23:00:00,2026,1,Bethune-Cookman,UCF,0.0,0.0,-41.5,-38.5,-3.0,Bethune-Cookman,,53.9,,0.988,46.2,7.7
2026-09-03 23:00:00,2026,1,Akron,Wake Forest,0.0,0.0,-23.5,-18.8,-4.7,Akron,49.8,49.1,-0.7,0.865,33.9,15.2
2026-09-04 00:00:00,2026,1,Colorado,Georgia Tech,0.0,0.0,-6.8,-18.0,11.2,Georgia Tech,50.8,58.2,7.4,0.855,38.1,20.1
2026-09-04 00:00:00,2026,1,Eastern Illinois,Minnesota,0.0,0.0,-43.5,-36.2,-7.3,Eastern Illinois,,53.5,,0.983,44.8,8.6
2026-09-04 00:00:00,2026,1,Arkansas-Pine Bluff,Missouri,0.0,0.0,-54.5,-54.4,-0.1,Arkansas-Pine Bluff,60.5,60.3,-0.2,0.999,57.4,2.9
2026-09-04 01:00:00,2026,1,UAB,Illinois,0.0,0.0,-28.5,-24.8,-3.7,UAB,56.8,61.2,4.5,0.928,43.0,18.2
2026-09-04 01:00:00,2026,1,Idaho,Utah,0.0,0.0,-32.5,-38.2,5.7,Utah,56.5,53.9,-2.6,0.988,46.1,7.8
2026-09-04 22:30:00,2026,1,San José State,Eastern Michigan,0.0,0.0,-4.5,-10.4,5.9,Eastern Michigan,53.5,57.5,4.0,0.731,34.0,23.6
2026-09-04 23:00:00,2026,1,North Carolina A&T,Georgia State,0.0,0.0,-28.5,-12.2,-16.3,North Carolina A&T,63.5,50.3,-13.2,0.763,31.2,19.0
2026-09-04 23:00:00,2026,1,Indiana State,Purdue,0.0,0.0,-34.5,-28.5,-6.0,Indiana State,56.5,51.0,-5.5,0.953,39.8,11.2
2026-09-05 00:00:00,2026,1,Long Island University,Kansas,0.0,0.0,-38.5,-33.9,-4.6,Long Island University,53.5,57.1,3.6,0.977,45.5,11.6
2026-09-05 00:00:00,2026,1,Toledo,Michigan State,0.0,0.0,-10.5,9.0,-19.5,Toledo,49.5,47.8,-1.7,0.298,19.4,28.4
2026-09-05 00:00:00,2026,1,UTEP,Oklahoma,0.0,0.0,-41.0,-33.3,-7.7,UTEP,50.5,47.9,-2.6,0.975,40.6,7.3
2026-09-05 01:00:00,2026,1,Miami,Stanford,0.0,1.0,24.5,18.7,5.8,Stanford,48.5,45.8,-2.7,0.135,13.5,32.3
2026-09-05 01:00:00,2026,1,Fresno State,USC,0.0,0.0,-22.5,-19.7,-2.8,Fresno State,51.5,50.9,-0.6,0.877,35.3,15.6
2026-09-05 16:00:00,2026,1,East Carolina,Alabama,0.0,0.0,-28.5,-11.0,-17.5,East Carolina,54.2,46.7,-7.5,0.741,28.8,17.9
2026-09-05 16:00:00,2026,1,Bryant,Army,0.0,0.0,-36.5,-19.3,-17.2,Bryant,,44.4,,0.872,31.9,12.6
2026-09-05 16:00:00,2026,1,Tarleton State,Bowling Green,0.0,0.0,-2.5,-20.9,18.4,Bowling Green,47.5,48.8,1.3,0.891,34.8,13.9
2026-09-05 16:00:00,2026,1,Oregon State,Houston,0.0,0.0,-20.2,-18.7,-1.6,Oregon State,50.8,52.7,2.0,0.864,35.7,17.0
2026-09-05 16:00:00,2026,1,North Texas,Indiana,0.0,0.0,-40.8,-16.9,-23.8,North Texas,55.5,66.0,10.5,0.84,41.5,24.6
2026-09-05 16:00:00,2026,1,Liberty,James Madison,0.0,0.0,-6.5,-16.7,10.2,James Madison,52.8,50.6,-2.1,0.837,33.7,17.0
2026-09-05 16:00:00,2026,1,Ohio,Nebraska,0.0,0.0,-23.8,-16.0,-7.8,Ohio,47.5,49.4,1.9,0.826,32.7,16.7
2026-09-05 16:00:00,2026,1,New Hampshire,Syracuse,0.0,0.0,-32.5,-20.0,-12.5,New Hampshire,55.5,61.0,5.5,0.88,40.5,20.5
2026-09-05 16:00:00,2026,1,Lafayette,UConn,0.0,0.0,-19.5,-43.9,24.4,UConn,58.5,58.6,0.1,0.995,51.3,7.4
2026-09-05 16:00:00,2026,1,Coastal Carolina,West Virginia,0.0,0.0,-21.5,-12.2,-9.3,Coastal Carolina,58.2,52.3,-6.0,0.764,32.3,20.0
2026-09-05 16:30:00,2026,1,Ball State,Ohio State,0.0,0.0,-50.8,-47.4,-3.3,Ball State,56.5,53.3,-3.2,0.997,50.3,2.9
2026-09-05 16:30:00,2026,1,Miami (OH),Pittsburgh,0.0,0.0,-16.2,-16.2,-0.0,Miami (OH),50.5,50.6,0.1,0.83,33.4,17.2
2026-09-05 16:45:00,2026,1,Kent State,South Carolina,0.0,0.0,-36.5,-29.6,-6.9,Kent State,53.2,50.0,-3.2,0.959,39.8,10.2
2026-09-05 17:00:00,2026,1,Duquesne,Air Force,0.0,0.0,-30.5,-30.9,0.4,Air Force,58.5,60.6,2.1,0.965,45.7,14.9
2026-09-05 17:00:00,2026,1,Southeast Missouri State,Iowa State,0.0,0.0,-29.5,-42.8,13.3,Iowa State,53.5,57.8,4.3,0.994,50.3,7.5
2026-09-05 17:00:00,2026,1,Youngstown State,Kentucky,0.0,0.0,-23.5,-35.0,11.5,Kentucky,62.5,59.2,-3.3,0.98,47.1,12.1
2026-09-05 18:00:00,2026,1,Rhode Island,Temple,0.0,0.0,-10.0,-25.0,15.0,Temple,51.5,58.8,7.3,0.93,41.9,16.9
2026-09-05 19:00:00,2026,1,Tennessee State,Georgia,0.0,0.0,-46.5,-45.7,-0.8,Tennessee State,56.5,57.2,0.7,0.996,51.5,5.7
2026-09-05 19:30:00,2026,1,Maine,App State,0.0,0.0,-17.5,-25.6,8.1,App State,53.5,51.9,-1.6,0.934,38.7,13.2
2026-09-05 19:30:00,2026,1,Baylor,Auburn,1.0,0.0,-7.0,-16.0,9.0,Auburn,59.2,52.3,-7.0,0.827,34.1,18.2
2026-09-05 19:30:00,2026,1,The Citadel,Charlotte,0.0,0.0,-15.5,-18.3,2.8,Charlotte,46.5,47.5,1.0,0.859,32.9,14.6
2026-09-05 19:30:00,2026,1,Boston College,Cincinnati,0.0,0.0,-7.5,-16.4,8.9,Cincinnati,52.0,59.1,7.1,0.832,37.7,21.4
2026-09-05 19:30:00,2026,1,Tulane,Duke,0.0,0.0,-9.0,-4.3,-4.7,Tulane,52.2,56.2,3.9,0.599,30.2,25.9
2026-09-05 19:30:00,2026,1,Towson,Navy,0.0,0.0,-30.5,-27.8,-2.7,Towson,53.5,60.6,7.1,0.949,44.2,16.4
2026-09-05 19:30:00,2026,1,Fordham,North Dakota State,0.0,0.0,-39.5,-20.6,-18.9,Fordham,57.5,56.1,-1.4,0.888,38.4,17.7
2026-09-05 19:30:00,2026,1,Boise State,Oregon,0.0,0.0,-24.5,-30.9,6.4,Oregon,52.2,54.7,2.5,0.965,42.8,11.9
2026-09-05 19:30:00,2026,1,Marshall,Penn State,0.0,0.0,-24.2,-29.5,5.3,Penn State,54.5,58.0,3.5,0.959,43.8,14.3
2026-09-05 19:30:00,2026,1,Furman,Tennessee,0.0,0.0,-46.5,-50.2,3.7,Tennessee,66.5,65.7,-0.8,0.998,58.0,7.7
2026-09-05 19:30:00,2026,1,Texas State,Texas,0.0,0.0,-30.5,-29.6,-0.9,Texas State,60.2,59.9,-0.4,0.959,44.8,15.1
2026-09-05 19:30:00,2026,1,UT Rio Grande Valley,UTSA,0.0,0.0,-28.5,-36.5,8.0,UTSA,59.5,59.7,0.2,0.984,48.1,11.6
2026-09-05 19:45:00,2026,1,Oklahoma State,Tulsa,0.0,0.0,14.2,-10.5,24.7,Tulsa,61.2,49.4,-11.9,0.731,29.9,19.5
2026-09-05 20:15:00,2026,1,North Alabama,Arkansas,0.0,0.0,-40.5,-40.9,0.4,Arkansas,63.5,63.9,0.4,0.992,52.4,11.5
2026-09-05 20:15:00,2026,1,Northern Illinois,Iowa,0.0,0.0,-31.2,-29.0,-2.2,Northern Illinois,45.5,40.6,-4.9,0.956,34.8,5.8
2026-09-05 21:00:00,2026,1,Alcorn State,Southern Miss,0.0,0.0,-21.0,-39.0,18.0,Southern Miss,50.5,60.3,9.8,0.989,49.7,10.6
2026-09-05 22:00:00,2026,1,Wyoming,Colorado State,0.0,0.0,-3.5,-9.4,5.9,Colorado State,48.2,43.6,-4.6,0.71,26.5,17.1
2026-09-05 22:00:00,2026,1,Norfolk State,Old Dominion,0.0,0.0,-41.5,-37.2,-4.3,Norfolk State,55.5,60.4,4.9,0.986,48.8,11.6
2026-09-05 23:00:00,2026,1,Charleston Southern,Georgia Southern,0.0,0.0,-25.5,-19.4,-6.1,Charleston Southern,51.5,54.4,2.9,0.873,36.9,17.5
2026-09-05 23:00:00,2026,1,Eastern Kentucky,Jacksonville State,0.0,0.0,-19.5,-28.0,8.5,Jacksonville State,52.5,56.4,3.9,0.95,42.2,14.2
2026-09-05 23:00:00,2026,1,Nicholls,Kansas State,0.0,0.0,-40.5,-38.6,-1.9,Nicholls,55.5,57.3,1.8,0.988,48.0,9.4
2026-09-05 23:00:00,2026,1,Arkansas State,Memphis,0.0,0.0,-9.5,-18.5,9.0,Memphis,55.5,53.7,-1.8,0.862,36.1,17.6
2026-09-05 23:00:00,2026,1,Murray State,Middle Tennessee,0.0,0.0,-20.5,-22.5,2.0,Middle Tennessee,59.5,51.9,-7.6,0.907,37.2,14.7
2026-09-05 23:00:00,2026,1,Houston Christian,Rice,0.0,0.0,-24.5,-20.4,-4.1,Houston Christian,47.5,48.8,1.3,0.884,34.6,14.2
2026-09-05 23:00:00,2026,1,SE Louisiana,South Alabama,0.0,0.0,-12.5,-22.7,10.2,South Alabama,52.5,53.0,0.5,0.909,37.9,15.2
2026-09-05 23:00:00,2026,1,Florida International,South Florida,0.0,0.0,-13.2,-25.6,12.4,South Florida,54.8,62.6,7.9,0.934,44.1,18.5
2026-09-05 23:00:00,2026,1,Missouri State,Texas A&M,0.0,0.0,-40.5,-39.0,-1.5,Missouri State,52.5,58.7,6.2,0.989,48.8,9.8
2026-09-05 23:00:00,2026,1,Abilene Christian,Texas Tech,0.0,0.0,-42.5,-45.3,2.8,Texas Tech,59.5,60.4,0.9,0.996,52.8,7.6
2026-09-05 23:00:00,2026,1,Sam Houston,Troy,0.0,0.0,-16.5,-26.7,10.2,Troy,51.5,53.4,1.9,0.942,40.0,13.3
2026-09-05 23:00:00,2026,1,Idaho State,Utah State,0.0,0.0,-11.5,-30.7,19.2,Utah State,64.5,61.4,-3.1,0.965,46.1,15.3
2026-09-05 23:00:00,2026,1,Austin Peay,Vanderbilt,0.0,0.0,-30.5,-32.6,2.1,Vanderbilt,61.5,59.5,-2.0,0.972,46.0,13.4
2026-09-05 23:30:00,2026,1,Clemson,LSU,0.0,0.0,-9.5,-0.9,-8.6,Clemson,51.0,39.8,-11.2,0.522,20.4,19.4
2026-09-05 23:30:00,2026,1,Northwestern State,Louisiana Tech,0.0,0.0,-41.5,-39.8,-1.7,Northwestern State,52.5,58.7,6.2,0.99,49.3,9.5
2026-09-05 23:30:00,2026,1,Western Michigan,Michigan,0.0,0.0,-27.5,-14.2,-13.3,Western Michigan,47.5,40.4,-7.1,0.799,27.3,13.1
2026-09-05 23:30:00,2026,1,UL Monroe,Mississippi State,0.0,0.0,-28.5,-29.9,1.4,Mississippi State,55.5,57.8,2.3,0.961,43.9,13.9
2026-09-05 23:30:00,2026,1,VMI,Virginia Tech,0.0,0.0,-50.5,-33.9,-16.6,VMI,57.5,52.9,-4.6,0.977,43.4,9.5
2026-09-05 23:45:00,2026,1,Florida Atlantic,Florida,0.0,0.0,-26.5,-21.8,-4.7,Florida Atlantic,58.5,53.7,-4.8,0.901,37.8,15.9
2026-09-06 00:00:00,2026,1,Utah Tech,BYU,0.0,0.0,-47.5,-44.2,-3.3,Utah Tech,54.5,60.3,5.8,0.995,52.2,8.0
2026-09-06 00:00:00,2026,1,Lamar,Louisiana,0.0,0.0,-18.5,-35.8,17.3,Louisiana,48.5,55.8,7.3,0.982,45.8,10.0
2026-09-06 00:00:00,2026,1,Hampton,Maryland,0.0,0.0,-45.5,-32.4,-13.1,Hampton,56.5,53.9,-2.6,0.971,43.1,10.7
2026-09-06 00:00:00,2026,1,South Dakota State,Northwestern,0.0,0.0,-12.5,-36.1,23.6,Northwestern,46.5,52.0,5.5,0.983,44.1,7.9
2026-09-06 01:00:00,2026,1,Morgan State,Arizona State,0.0,0.0,-41.5,-43.0,1.5,Arizona State,52.5,57.2,4.7,0.994,50.1,7.1
2026-09-06 01:00:00,2026,1,Mercyhurst,New Mexico State,0.0,0.0,,-26.2,,,,47.1,,0.938,36.7,10.5
2026-09-06 01:30:00,2026,1,Northern Arizona,Arizona,0.0,0.0,-31.5,-36.8,5.3,Arizona,56.5,58.3,1.8,0.985,47.5,10.7
2026-09-06 01:30:00,2026,1,Portland State,San Diego State,0.0,0.0,-38.5,-36.9,-1.6,Portland State,57.5,49.7,-7.8,0.985,43.3,6.4
2026-09-06 02:00:00,2026,1,UNLV,Hawai'i,0.0,1.0,2.8,-1.7,4.5,Hawai'i,58.5,60.3,1.8,0.54,31.0,29.3
2026-09-06 02:00:00,2026,1,Central Michigan,New Mexico,0.0,0.0,-12.2,-5.3,-7.0,Central Michigan,48.0,46.7,-1.3,0.621,26.0,20.7
2026-09-06 02:00:00,2026,1,Mississippi Valley State,Sacramento State,0.0,0.0,-35.5,-30.2,-5.3,Mississippi Valley State,56.5,52.1,-4.4,0.962,41.2,11.0
2026-09-06 02:30:00,2026,1,UCLA,California,0.0,0.0,1.5,-10.2,11.7,California,55.0,53.0,-2.0,0.726,31.6,21.4
2026-09-06 02:30:00,2026,1,Western Kentucky,Nevada,0.0,0.0,2.5,4.9,-2.4,Western Kentucky,53.2,45.6,-7.6,0.387,20.4,25.3
2026-09-06 20:00:00,2026,1,Washington State,Washington,0.0,0.0,-22.8,-21.1,-1.6,Washington State,50.5,44.9,-5.6,0.893,33.0,11.9
2026-09-06 23:30:00,2026,1,Wisconsin,Notre Dame,1.0,0.0,-20.5,-23.7,3.2,Notre Dame,47.5,49.7,2.2,0.919,36.7,13.0
2026-09-06 23:30:00,2026,1,Louisville,Ole Miss,1.0,0.0,-6.5,-10.3,3.8,Ole Miss,55.5,50.9,-4.6,0.727,30.6,20.3
2026-09-07 23:30:00,2026,1,SMU,Florida State,0.0,1.0,2.5,-7.0,9.5,Florida State,53.5,53.4,-0.1,0.659,30.2,23.2
