id,kickoff_utc,season,season_type,week,away_team,home_team,neutral_site,conference_game,model_total,proj_home_score,proj_away_score,home_win_prob,market_spread_home,market_total,model_spread_home,model_market_delta,model_pick_ats,model_market_total_delta,issued_at_utc,data_cutoff_utc,run_id
401856634,2026-09-05 16:00:00,2026,regular,1.0,East Carolina,Alabama,0.0,0.0,47.4,31.0,16.3,0.806,-27.8,52.5,-14.7,-13.1,East Carolina,-5.1,2026-09-05T10:29:30.462479+00:00,2026-09-05T10:29:27.048006Z,20260905T102930653318Z_792c4a29
401856778,2026-09-05 16:00:00,2026,regular,1.0,Oregon State,Houston,0.0,0.0,50.4,31.9,18.5,0.784,-20.8,50.5,-13.4,-7.4,Oregon State,-0.1,2026-09-05T10:29:30.462479+00:00,2026-09-05T10:29:27.048006Z,20260905T102930653318Z_792c4a29
401856780,2026-09-05 16:00:00,2026,regular,1.0,Coastal Carolina,West Virginia,0.0,0.0,50.4,29.0,21.4,0.673,-21.0,54.8,-7.6,-13.4,Coastal Carolina,-4.3,2026-09-05T10:29:30.462479+00:00,2026-09-05T10:29:27.048006Z,20260905T102930653318Z_792c4a29
401858425,2026-09-05 16:00:00,2026,regular,1.0,North Texas,Indiana,0.0,0.0,59.7,39.3,20.4,0.866,-40.8,56.8,-18.9,-21.9,North Texas,2.9,2026-09-05T10:29:30.462479+00:00,2026-09-05T10:29:27.048006Z,20260905T102930653318Z_792c4a29
401858430,2026-09-05 16:00:00,2026,regular,1.0,Ohio,Nebraska,0.0,0.0,54.0,31.4,22.6,0.698,-23.5,46.2,-8.8,-14.7,Ohio,7.8,2026-09-05T10:29:30.462479+00:00,2026-09-05T10:29:27.048006Z,20260905T102930653318Z_792c4a29
401869960,2026-09-05 16:00:00,2026,regular,1.0,Liberty,James Madison,0.0,0.0,54.1,34.5,19.6,0.81,-6.0,50.5,-14.9,8.9,James Madison,3.6,2026-09-05T10:29:30.462479+00:00,2026-09-05T10:29:27.048006Z,20260905T102930653318Z_792c4a29
401858207,2026-09-05 16:30:00,2026,regular,1.0,Miami (OH),Pittsburgh,0.0,0.0,48.4,28.6,19.8,0.697,-16.2,47.2,-8.8,-7.5,Miami (OH),1.1,2026-09-05T10:29:30.462479+00:00,2026-09-05T10:29:27.048006Z,20260905T102930653318Z_792c4a29
401858432,2026-09-05 16:30:00,2026,regular,1.0,Ball State,Ohio State,0.0,0.0,53.2,45.9,7.3,0.988,-50.2,56.5,-38.6,-11.7,Ball State,-3.3,2026-09-05T10:29:30.462479+00:00,2026-09-05T10:29:27.048006Z,20260905T102930653318Z_792c4a29
401856665,2026-09-05 16:45:00,2026,regular,1.0,Kent State,South Carolina,0.0,0.0,57.4,41.1,16.3,0.927,-36.0,53.5,-24.7,-11.3,Kent State,3.9,2026-09-05T10:29:30.462479+00:00,2026-09-05T10:29:27.048006Z,20260905T102930653318Z_792c4a29
401856636,2026-09-05 19:30:00,2026,regular,1.0,Baylor,Auburn,1.0,0.0,52.1,30.4,21.8,0.693,-7.5,59.5,-8.6,1.1,Auburn,-7.4,2026-09-05T10:29:30.462479+00:00,2026-09-05T10:29:27.048006Z,20260905T102930653318Z_792c4a29
401856667,2026-09-05 19:30:00,2026,regular,1.0,Texas State,Texas,0.0,0.0,57.4,36.5,20.9,0.822,-29.5,59.8,-15.7,-13.8,Texas State,-2.3,2026-09-05T10:29:30.462479+00:00,2026-09-05T10:29:27.048006Z,20260905T102930653318Z_792c4a29
401856777,2026-09-05 19:30:00,2026,regular,1.0,Boston College,Cincinnati,0.0,0.0,59.1,33.6,25.4,0.685,-7.5,50.2,-8.2,0.7,Cincinnati,8.8,2026-09-05T10:29:30.462479+00:00,2026-09-05T10:29:27.048006Z,20260905T102930653318Z_792c4a29
401858209,2026-09-05 19:30:00,2026,regular,1.0,Tulane,Duke,0.0,0.0,56.5,29.9,26.6,0.578,-7.5,51.0,-3.3,-4.2,Tulane,5.5,2026-09-05T10:29:30.462479+00:00,2026-09-05T10:29:27.048006Z,20260905T102930653318Z_792c4a29
401858433,2026-09-05 19:30:00,2026,regular,1.0,Boise State,Oregon,0.0,0.0,58.6,39.1,19.5,0.876,-24.8,51.5,-19.7,-5.1,Boise State,7.1,2026-09-05T10:29:30.462479+00:00,2026-09-05T10:29:27.048006Z,20260905T102930653318Z_792c4a29
401858434,2026-09-05 19:30:00,2026,regular,1.0,Marshall,Penn State,0.0,0.0,57.1,36.8,20.2,0.835,-23.5,52.2,-16.6,-6.9,Marshall,4.8,2026-09-05T10:29:30.462479+00:00,2026-09-05T10:29:27.048006Z,20260905T102930653318Z_792c4a29
401856772,2026-09-05 19:45:00,2026,regular,1.0,Oklahoma State,Tulsa,0.0,0.0,52.8,29.6,23.1,0.649,13.5,59.2,-6.5,20.0,Tulsa,-6.5,2026-09-05T10:29:30.462479+00:00,2026-09-05T10:29:27.048006Z,20260905T102930653318Z_792c4a29
401858426,2026-09-05 20:15:00,2026,regular,1.0,Northern Illinois,Iowa,0.0,0.0,48.6,34.5,14.2,0.883,-31.8,44.5,-20.3,-11.5,Northern Illinois,4.1,2026-09-05T10:29:30.462479+00:00,2026-09-05T10:29:27.048006Z,20260905T102930653318Z_792c4a29
401860878,2026-09-05 22:00:00,2026,regular,1.0,Wyoming,Colorado State,0.0,0.0,46.1,24.4,21.7,0.562,-3.0,46.5,-2.6,-0.4,Wyoming,-0.4,2026-09-05T10:29:30.462479+00:00,2026-09-05T10:29:27.048006Z,20260905T102930653318Z_792c4a29
401856668,2026-09-05 23:00:00,2026,regular,1.0,Missouri State,Texas A&M,0.0,0.0,56.5,40.2,16.2,0.921,-40.5,53.5,-24.0,-16.5,Missouri State,3.0,2026-09-05T10:29:30.462479+00:00,2026-09-05T10:29:27.048006Z,20260905T102930653318Z_792c4a29
401862695,2026-09-05 23:00:00,2026,regular,1.0,Arkansas State,Memphis,0.0,0.0,51.1,31.2,19.9,0.747,-11.2,53.5,-11.3,0.0,Memphis,-2.4,2026-09-05T10:29:30.462479+00:00,2026-09-05T10:29:27.048006Z,20260905T102930653318Z_792c4a29
401862699,2026-09-05 23:00:00,2026,regular,1.0,Florida International,South Florida,0.0,0.0,60.8,38.4,22.3,0.828,-14.5,51.8,-16.1,1.6,South Florida,9.0,2026-09-05T10:29:30.462479+00:00,2026-09-05T10:29:27.048006Z,20260905T102930653318Z_792c4a29
401870763,2026-09-05 23:00:00,2026,regular,1.0,Sam Houston,Troy,0.0,0.0,50.1,31.6,18.6,0.778,-16.5,53.8,-13.0,-3.5,Sam Houston,-3.6,2026-09-05T10:29:30.462479+00:00,2026-09-05T10:29:27.048006Z,20260905T102930653318Z_792c4a29
401856660,2026-09-05 23:30:00,2026,regular,1.0,Clemson,LSU,0.0,0.0,44.7,23.7,20.9,0.565,-9.8,50.5,-2.8,-7.0,Clemson,-5.8,2026-09-05T10:29:30.462479+00:00,2026-09-05T10:29:27.048006Z,20260905T102930653318Z_792c4a29
401856662,2026-09-05 23:30:00,2026,regular,1.0,UL Monroe,Mississippi State,0.0,0.0,54.7,37.5,17.3,0.883,-28.5,54.8,-20.2,-8.3,UL Monroe,-0.0,2026-09-05T10:29:30.462479+00:00,2026-09-05T10:29:27.048006Z,20260905T102930653318Z_792c4a29
401858428,2026-09-05 23:30:00,2026,regular,1.0,Western Michigan,Michigan,0.0,0.0,44.7,29.6,15.0,0.805,-27.5,49.5,-14.6,-12.9,Western Michigan,-4.8,2026-09-05T10:29:30.462479+00:00,2026-09-05T10:29:27.048006Z,20260905T102930653318Z_792c4a29
401856637,2026-09-05 23:45:00,2026,regular,1.0,Florida Atlantic,Florida,0.0,0.0,57.2,36.0,21.2,0.809,-26.5,59.5,-14.8,-11.7,Florida Atlantic,-2.3,2026-09-05T10:29:30.462479+00:00,2026-09-05T10:29:27.048006Z,20260905T102930653318Z_792c4a29
401864497,2026-09-06 02:00:00,2026,regular,1.0,UNLV,Hawai'i,0.0,1.0,57.0,27.4,29.6,0.449,3.0,55.5,2.2,0.8,Hawai'i,1.5,2026-09-05T10:29:30.462479+00:00,2026-09-05T10:29:27.048006Z,20260905T102930653318Z_792c4a29
401864498,2026-09-06 02:00:00,2026,regular,1.0,Central Michigan,New Mexico,0.0,0.0,45.4,27.2,18.2,0.7,-10.5,46.8,-8.9,-1.6,Central Michigan,-1.3,2026-09-05T10:29:30.462479+00:00,2026-09-05T10:29:27.048006Z,20260905T102930653318Z_792c4a29
401858210,2026-09-06 02:30:00,2026,regular,1.0,UCLA,California,0.0,0.0,53.2,30.4,22.8,0.671,2.5,53.5,-7.5,10.0,California,-0.3,2026-09-05T10:29:30.462479+00:00,2026-09-05T10:29:27.048006Z,20260905T102930653318Z_792c4a29
401864432,2026-09-06 02:30:00,2026,regular,1.0,Western Kentucky,Nevada,0.0,0.0,49.0,23.7,25.3,0.461,0.2,51.5,1.6,-1.4,Western Kentucky,-2.5,2026-09-05T10:29:30.462479+00:00,2026-09-05T10:29:27.048006Z,20260905T102930653318Z_792c4a29
401858437,2026-09-06 20:00:00,2026,regular,1.0,Washington State,Washington,0.0,0.0,46.4,27.9,18.6,0.708,-23.2,51.2,-9.3,-14.0,Washington State,-4.8,2026-09-05T10:29:30.462479+00:00,2026-09-05T10:29:27.048006Z,20260905T102930653318Z_792c4a29
401856661,2026-09-06 23:30:00,2026,regular,1.0,Louisville,Ole Miss,1.0,0.0,57.9,34.6,23.3,0.747,-6.5,54.8,-11.3,4.8,Ole Miss,3.2,2026-09-05T10:29:30.462479+00:00,2026-09-05T10:29:27.048006Z,20260905T102930653318Z_792c4a29
401858438,2026-09-06 23:30:00,2026,regular,1.0,Wisconsin,Notre Dame,1.0,0.0,49.7,37.4,12.3,0.93,-20.5,46.5,-25.1,4.6,Notre Dame,3.2,2026-09-05T10:29:30.462479+00:00,2026-09-05T10:29:27.048006Z,20260905T102930653318Z_792c4a29
401858212,2026-09-07 23:30:00,2026,regular,1.0,SMU,Florida State,0.0,1.0,50.5,25.7,24.8,0.521,3.0,53.2,-0.9,3.9,Florida State,-2.8,2026-09-05T10:29:30.462479+00:00,2026-09-05T10:29:27.048006Z,20260905T102930653318Z_792c4a29
