id,kickoff_utc,season,season_type,week,away_team,home_team,neutral_site,conference_game,model_total,proj_home_score,proj_away_score,home_win_prob,market_spread_home,market_total,model_spread_home,model_market_delta,model_pick_ats,model_market_total_delta,issued_at_utc,data_cutoff_utc,run_id,home_team_result,away_team_result,season_result,season_type_result,week_result,start_date,completed,home_points,away_points,home_classification,away_classification,graded,actual_margin,actual_total,pred_margin,pred_total,p_home_win,spread_home,margin_error,total_error,margin_abs_error,total_abs_error,market_margin_abs_error,market_total_abs_error,winner_hit,ats_result,over_under_result,home_team_stats,home_points_stats,home_totalYards,home_turnovers,home_rushingAttempts,home_rushingYards,home_netPassingYards,home_sacks,home_defensiveTDs,home_kickReturnTDs,home_puntReturnTDs,home_plays,home_yards_per_play,home_third_down_pct,home_possessionTime,away_team_stats,away_points_stats,away_totalYards,away_turnovers,away_rushingAttempts,away_rushingYards,away_netPassingYards,away_sacks,away_defensiveTDs,away_kickReturnTDs,away_puntReturnTDs,away_plays,away_yards_per_play,away_third_down_pct,away_possessionTime,ypp_diff,turnover_margin_home,home_score_error,away_score_error,market_favorite_margin_error
401856634,2026-09-05 16:00:00,2026,regular,1.0,East Carolina,Alabama,0.0,0.0,47.4,31.0,16.3,0.806,-27.8,52.5,-14.7,-13.1,East Carolina,-5.1,2026-09-05T10:41:31.217412+00:00,2026-09-05T10:41:24.816679Z,20260905T104131379946Z_f2ffde92,Alabama,East Carolina,2026,regular,1,2026-09-05T16:00:00.000Z,True,48.0,10.0,fbs,fbs,True,38.0,58.0,14.7,47.4,0.806,-27.8,-23.3,-10.600000000000001,23.3,10.600000000000001,10.2,5.5,True,loss,loss,Alabama,48,487,1,49,227,260,3,1,0.0,0.0,81,6.012345679012346,0.5333333333333333,38:53,East Carolina,10,162,1,22,2,160,1,0,,0.0,41,3.951219512195122,0.0,21:07,2.061126166817224,0,-17.0,6.300000000000001,-23.3
401856778,2026-09-05 16:00:00,2026,regular,1.0,Oregon State,Houston,0.0,0.0,50.4,31.9,18.5,0.784,-20.8,50.5,-13.4,-7.4,Oregon State,-0.1,2026-09-05T10:41:31.217412+00:00,2026-09-05T10:41:24.816679Z,20260905T104131379946Z_f2ffde92,Houston,Oregon State,2026,regular,1,2026-09-05T16:00:00.000Z,True,33.0,20.0,fbs,fbs,True,13.0,53.0,13.4,50.4,0.784,-20.8,0.40000000000000036,-2.6000000000000014,0.40000000000000036,2.6000000000000014,7.800000000000001,2.5,True,win,loss,Houston,33,533,2,41,228,305,4,0,0.0,0.0,72,7.402777777777778,0.5384615384615384,30:50,Oregon State,20,402,0,25,26,376,1,0,0.0,,73,5.506849315068493,0.26666666666666666,29:10,1.8959284627092847,-2,-1.1000000000000014,-1.5,0.40000000000000036
401856780,2026-09-05 16:00:00,2026,regular,1.0,Coastal Carolina,West Virginia,0.0,0.0,50.4,29.0,21.4,0.673,-21.0,54.8,-7.6,-13.4,Coastal Carolina,-4.3,2026-09-05T10:41:31.217412+00:00,2026-09-05T10:41:24.816679Z,20260905T104131379946Z_f2ffde92,West Virginia,Coastal Carolina,2026,regular,1,2026-09-05T16:00:00.000Z,True,31.0,24.0,fbs,fbs,True,7.0,55.0,7.6,50.4,0.673,-21.0,0.5999999999999996,-4.600000000000001,0.5999999999999996,4.600000000000001,14.0,0.20000000000000284,True,win,loss,West Virginia,31,413,1,61,281,132,5,0,0.0,,75,5.506666666666667,0.5,32:56,Coastal Carolina,24,425,2,27,52,373,1,0,,,64,6.640625,0.2,27:04,-1.1339583333333332,1,-2.0,-2.6000000000000014,0.5999999999999996
401858425,2026-09-05 16:00:00,2026,regular,1.0,North Texas,Indiana,0.0,0.0,59.7,39.3,20.4,0.866,-40.8,56.8,-18.9,-21.9,North Texas,2.9,2026-09-05T10:41:31.217412+00:00,2026-09-05T10:41:24.816679Z,20260905T104131379946Z_f2ffde92,Indiana,North Texas,2026,regular,1,2026-09-05T16:00:00.000Z,True,52.0,16.0,fbs,fbs,True,36.0,68.0,18.9,59.7,0.866,-40.8,-17.1,-8.299999999999997,17.1,8.299999999999997,4.799999999999997,11.200000000000003,True,win,win,Indiana,52,365,0,30,134,231,1,0,0.0,0.0,46,7.934782608695652,0.5555555555555556,22:38,North Texas,16,367,1,38,152,215,0,0,0.0,,67,5.477611940298507,0.4,37:22,2.4571706683971453,1,-12.700000000000003,4.399999999999999,-17.1
401858430,2026-09-05 16:00:00,2026,regular,1.0,Ohio,Nebraska,0.0,0.0,54.0,31.4,22.6,0.698,-23.5,46.2,-8.8,-14.7,Ohio,7.8,2026-09-05T10:41:31.217412+00:00,2026-09-05T10:41:24.816679Z,20260905T104131379946Z_f2ffde92,Nebraska,Ohio,2026,regular,1,2026-09-05T16:00:00.000Z,True,49.0,21.0,fbs,fbs,True,28.0,70.0,8.8,54.0,0.698,-23.5,-19.2,-16.0,19.2,16.0,4.5,23.799999999999997,True,loss,win,Nebraska,49,523,0,42,248,275,2,0,0.0,0.0,74,7.0675675675675675,0.6428571428571429,30:39,Ohio,21,303,1,33,139,164,2,0,0.0,,65,4.661538461538462,0.4,29:21,2.4060291060291057,1,-17.6,1.6000000000000014,-19.2
401869960,2026-09-05 16:00:00,2026,regular,1.0,Liberty,James Madison,0.0,0.0,54.1,34.5,19.6,0.81,-6.0,50.5,-14.9,8.9,James Madison,3.6,2026-09-05T10:41:31.217412+00:00,2026-09-05T10:41:24.816679Z,20260905T104131379946Z_f2ffde92,James Madison,Liberty,2026,regular,1,2026-09-05T16:00:00.000Z,True,20.0,13.0,fbs,fbs,True,7.0,33.0,14.9,54.1,0.81,-6.0,7.9,21.1,7.9,21.1,1.0,17.5,True,win,loss,James Madison,20,291,0,31,173,118,1,0,0.0,0.0,49,5.938775510204081,0.4,22:43,Liberty,13,321,0,38,91,230,0,0,0.0,0.0,65,4.938461538461539,0.4375,37:17,1.0003139717425427,0,14.5,6.600000000000001,7.9
401858207,2026-09-05 16:30:00,2026,regular,1.0,Miami (OH),Pittsburgh,0.0,0.0,48.4,28.6,19.8,0.697,-16.2,47.2,-8.8,-7.5,Miami (OH),1.1,2026-09-05T10:41:31.217412+00:00,2026-09-05T10:41:24.816679Z,20260905T104131379946Z_f2ffde92,Pittsburgh,Miami (OH),2026,regular,1,2026-09-05T16:30:00.000Z,True,59.0,14.0,fbs,fbs,True,45.0,73.0,8.8,48.4,0.697,-16.2,-36.2,-24.6,36.2,24.6,28.8,25.799999999999997,True,loss,win,Pittsburgh,59,646,0,31,166,480,2,0,0.0,0.0,75,8.613333333333333,0.7,33:56,Miami (OH),14,289,1,21,28,261,1,0,0.0,0.0,58,4.982758620689655,0.23076923076923078,26:04,3.6305747126436785,1,-30.4,5.800000000000001,-36.2
401858432,2026-09-05 16:30:00,2026,regular,1.0,Ball State,Ohio State,0.0,0.0,53.2,45.9,7.3,0.988,-50.2,56.5,-38.6,-11.7,Ball State,-3.3,2026-09-05T10:41:31.217412+00:00,2026-09-05T10:41:24.816679Z,20260905T104131379946Z_f2ffde92,Ohio State,Ball State,2026,regular,1,2026-09-05T16:30:00.000Z,True,56.0,3.0,fbs,fbs,True,53.0,59.0,38.6,53.2,0.988,-50.2,-14.399999999999999,-5.799999999999997,14.399999999999999,5.799999999999997,2.799999999999997,2.5,True,loss,loss,Ohio State,56,671,1,35,237,434,1,0,0.0,0.0,72,9.319444444444445,0.45454545454545453,31:38,Ball State,3,165,1,23,45,120,2,0,,,60,2.75,0.21428571428571427,28:22,6.569444444444445,0,-10.100000000000001,4.3,-14.399999999999999
401856665,2026-09-05 16:45:00,2026,regular,1.0,Kent State,South Carolina,0.0,0.0,57.4,41.1,16.3,0.927,-36.0,53.5,-24.7,-11.3,Kent State,3.9,2026-09-05T10:41:31.217412+00:00,2026-09-05T10:41:24.816679Z,20260905T104131379946Z_f2ffde92,South Carolina,Kent State,2026,regular,1,2026-09-05T16:45:00.000Z,True,57.0,0.0,fbs,fbs,True,57.0,57.0,24.7,57.4,0.927,-36.0,-32.3,0.3999999999999986,32.3,0.3999999999999986,21.0,3.5,True,loss,win,South Carolina,57,645,0,39,278,367,1,0,,0.0,72,8.958333333333334,0.875,34:47,Kent State,0,179,1,25,100,79,1,0,0.0,,48,3.7291666666666665,0.35714285714285715,25:13,5.229166666666668,1,-15.899999999999999,16.3,-32.3
401856636,2026-09-05 19:30:00,2026,regular,1.0,Baylor,Auburn,1.0,0.0,52.1,30.4,21.8,0.693,-7.5,59.5,-8.6,1.1,Auburn,-7.4,2026-09-05T10:41:31.217412+00:00,2026-09-05T10:41:24.816679Z,20260905T104131379946Z_f2ffde92,Auburn,Baylor,2026,regular,1,2026-09-05T19:30:00.000Z,True,17.0,16.0,fbs,fbs,True,1.0,33.0,8.6,52.1,0.693,-7.5,7.6,19.1,7.6,19.1,6.5,26.5,True,loss,win,Auburn,17,389,3,41,130,259,1,0,,0.0,76,5.118421052631579,0.5555555555555556,27:28,Baylor,16,436,2,45,103,333,5,0,,0.0,99,4.404040404040404,0.3181818181818182,32:32,0.7143806485911748,-1,13.399999999999999,5.800000000000001,7.6
401856667,2026-09-05 19:30:00,2026,regular,1.0,Texas State,Texas,0.0,0.0,57.4,36.5,20.9,0.822,-29.5,59.8,-15.7,-13.8,Texas State,-2.3,2026-09-05T10:41:31.217412+00:00,2026-09-05T10:41:24.816679Z,20260905T104131379946Z_f2ffde92,Texas,Texas State,2026,regular,1,2026-09-05T19:30:00.000Z,True,59.0,7.0,fbs,fbs,True,52.0,66.0,15.7,57.4,0.822,-29.5,-36.3,-8.600000000000001,36.3,8.600000000000001,22.5,6.200000000000003,True,loss,loss,Texas,59,516,1,36,156,360,2,1,0.0,,70,7.371428571428571,0.7333333333333333,29:34,Texas State,7,349,3,41,161,188,1,0,0.0,,70,4.985714285714286,0.5714285714285714,30:26,2.3857142857142852,2,-22.5,13.899999999999999,-36.3
401856777,2026-09-05 19:30:00,2026,regular,1.0,Boston College,Cincinnati,0.0,0.0,59.1,33.6,25.4,0.685,-7.5,50.2,-8.2,0.7,Cincinnati,8.8,2026-09-05T10:41:31.217412+00:00,2026-09-05T10:41:24.816679Z,20260905T104131379946Z_f2ffde92,Cincinnati,Boston College,2026,regular,1,2026-09-05T19:30:00.000Z,True,34.0,15.0,fbs,fbs,True,19.0,49.0,8.2,59.1,0.685,-7.5,-10.8,10.100000000000001,10.8,10.100000000000001,11.5,1.2000000000000028,True,win,loss,Cincinnati,34,339,0,46,254,85,4,0,,0.0,61,5.557377049180328,0.4166666666666667,28:41,Boston College,15,388,2,38,165,223,1,0,0.0,0.0,73,5.315068493150685,0.3076923076923077,31:19,0.24230855602964319,2,-0.3999999999999986,10.399999999999999,-10.8
401858209,2026-09-05 19:30:00,2026,regular,1.0,Tulane,Duke,0.0,0.0,56.5,29.9,26.6,0.578,-7.5,51.0,-3.3,-4.2,Tulane,5.5,2026-09-05T10:41:31.217412+00:00,2026-09-05T10:41:24.816679Z,20260905T104131379946Z_f2ffde92,Duke,Tulane,2026,regular,1,2026-09-05T19:30:00.000Z,True,17.0,3.0,fbs,fbs,True,14.0,20.0,3.3,56.5,0.578,-7.5,-10.7,36.5,10.7,36.5,6.5,31.0,True,loss,loss,Duke,17,381,1,49,250,131,3,0,,0.0,77,4.9480519480519485,0.4444444444444444,36:35,Tulane,3,258,1,26,54,204,0,0,0.0,0.0,56,4.607142857142857,0.21428571428571427,23:25,0.3409090909090917,0,12.899999999999999,23.6,-10.7
401858433,2026-09-05 19:30:00,2026,regular,1.0,Boise State,Oregon,0.0,0.0,58.6,39.1,19.5,0.876,-24.8,51.5,-19.7,-5.1,Boise State,7.1,2026-09-05T10:41:31.217412+00:00,2026-09-05T10:41:24.816679Z,20260905T104131379946Z_f2ffde92,Oregon,Boise State,2026,regular,1,2026-09-05T19:30:00.000Z,True,34.0,27.0,fbs,fbs,True,7.0,61.0,19.7,58.6,0.876,-24.8,12.7,-2.3999999999999986,12.7,2.3999999999999986,17.8,9.5,True,win,win,Oregon,34,497,1,25,119,378,3,0,0.0,0.0,63,7.888888888888889,0.3333333333333333,28:06,Boise State,27,274,0,36,93,181,1,0,,0.0,65,4.2153846153846155,0.26666666666666666,31:54,3.6735042735042738,-1,5.100000000000001,-7.5,12.7
401858434,2026-09-05 19:30:00,2026,regular,1.0,Marshall,Penn State,0.0,0.0,57.1,36.8,20.2,0.835,-23.5,52.2,-16.6,-6.9,Marshall,4.8,2026-09-05T10:41:31.217412+00:00,2026-09-05T10:41:24.816679Z,20260905T104131379946Z_f2ffde92,Penn State,Marshall,2026,regular,1,2026-09-05T19:30:00.000Z,True,45.0,0.0,fbs,fbs,True,45.0,45.0,16.6,57.1,0.835,-23.5,-28.4,12.100000000000001,28.4,12.100000000000001,21.5,7.200000000000003,True,loss,loss,Penn State,45,487,0,45,163,324,2,0,0.0,0.0,72,6.763888888888889,0.5,36:13,Marshall,0,147,2,26,44,103,1,0,0.0,,54,2.7222222222222223,0.09090909090909091,23:47,4.041666666666667,2,-8.200000000000003,20.2,-28.4
401856772,2026-09-05 19:45:00,2026,regular,1.0,Oklahoma State,Tulsa,0.0,0.0,52.8,29.6,23.1,0.649,13.5,59.2,-6.5,20.0,Tulsa,-6.5,2026-09-05T10:41:31.217412+00:00,2026-09-05T10:41:24.816679Z,20260905T104131379946Z_f2ffde92,Tulsa,Oklahoma State,2026,regular,1,2026-09-05T19:45:00.000Z,True,24.0,10.0,fbs,fbs,True,14.0,34.0,6.5,52.8,0.649,13.5,-7.5,18.799999999999997,7.5,18.799999999999997,27.5,25.200000000000003,True,win,win,Tulsa,24,361,1,33,134,227,2,0,0.0,0.0,57,6.333333333333333,0.09090909090909091,28:55,Oklahoma State,10,368,4,37,127,241,0,0,0.0,0.0,86,4.27906976744186,0.3125,31:05,2.054263565891473,3,5.600000000000001,13.100000000000001,7.5
401858426,2026-09-05 20:15:00,2026,regular,1.0,Northern Illinois,Iowa,0.0,0.0,48.6,34.5,14.2,0.883,-31.8,44.5,-20.3,-11.5,Northern Illinois,4.1,2026-09-05T10:41:31.217412+00:00,2026-09-05T10:41:24.816679Z,20260905T104131379946Z_f2ffde92,Iowa,Northern Illinois,2026,regular,1,2026-09-05T20:15:00.000Z,True,40.0,0.0,fbs,fbs,True,40.0,40.0,20.3,48.6,0.883,-31.8,-19.7,8.600000000000001,19.7,8.600000000000001,8.2,4.5,True,loss,loss,Iowa,40,507,1,38,289,218,6,1,,1.0,78,6.5,0.42857142857142855,33:51,Northern Illinois,0,120,2,31,7,113,0,0,0.0,,55,2.1818181818181817,0.2,26:09,4.318181818181818,1,-5.5,14.2,-19.7
401860878,2026-09-05 22:00:00,2026,regular,1.0,Wyoming,Colorado State,0.0,0.0,46.1,24.4,21.7,0.562,-3.0,46.5,-2.6,-0.4,Wyoming,-0.4,2026-09-05T10:41:31.217412+00:00,2026-09-05T10:41:24.816679Z,20260905T104131379946Z_f2ffde92,Colorado State,Wyoming,2026,regular,1,2026-09-05T22:00:00.000Z,True,35.0,13.0,fbs,fbs,True,22.0,48.0,2.6,46.1,0.562,-3.0,-19.4,-1.8999999999999986,19.4,1.8999999999999986,19.0,1.5,True,loss,loss,Colorado State,35,396,0,33,154,242,2,0,0.0,0.0,67,5.91044776119403,0.4666666666666667,29:19,Wyoming,13,273,4,34,143,130,0,0,0.0,0.0,53,5.150943396226415,0.0,30:41,0.759504364967615,4,-10.600000000000001,8.7,-19.4
401856668,2026-09-05 23:00:00,2026,regular,1.0,Missouri State,Texas A&M,0.0,0.0,56.5,40.2,16.2,0.921,-40.5,53.5,-24.0,-16.5,Missouri State,3.0,2026-09-05T10:41:31.217412+00:00,2026-09-05T10:41:24.816679Z,20260905T104131379946Z_f2ffde92,Texas A&M,Missouri State,2026,regular,1,2026-09-05T23:00:00.000Z,True,50.0,0.0,fbs,fbs,True,50.0,50.0,24.0,56.5,0.921,-40.5,-26.0,6.5,26.0,6.5,9.5,3.5,True,loss,loss,Texas A&M,50,505,1,47,236,269,1,0,0.0,0.0,85,5.9411764705882355,0.5,43:03,Missouri State,0,67,3,23,37,30,2,0,0.0,0.0,40,1.675,0.1,16:57,4.266176470588236,2,-9.799999999999997,16.2,-26.0
401862695,2026-09-05 23:00:00,2026,regular,1.0,Arkansas State,Memphis,0.0,0.0,51.1,31.2,19.9,0.747,-11.2,53.5,-11.3,0.0,Memphis,-2.4,2026-09-05T10:41:31.217412+00:00,2026-09-05T10:41:24.816679Z,20260905T104131379946Z_f2ffde92,Memphis,Arkansas State,2026,regular,1,2026-09-05T23:00:00.000Z,True,42.0,24.0,fbs,fbs,True,18.0,66.0,11.3,51.1,0.747,-11.2,-6.699999999999999,-14.899999999999999,6.699999999999999,14.899999999999999,6.800000000000001,12.5,True,win,loss,Memphis,42,523,2,48,335,188,3,0,0.0,,63,8.301587301587302,0.5555555555555556,29:27,Arkansas State,24,434,4,29,109,325,1,0,,0.0,59,7.3559322033898304,0.5,30:33,0.9456550981974718,2,-10.8,-4.100000000000001,-6.699999999999999
401862699,2026-09-05 23:00:00,2026,regular,1.0,Florida International,South Florida,0.0,0.0,60.8,38.4,22.3,0.828,-14.5,51.8,-16.1,1.6,South Florida,9.0,2026-09-05T10:41:31.217412+00:00,2026-09-05T10:41:24.816679Z,20260905T104131379946Z_f2ffde92,South Florida,Florida International,2026,regular,1,2026-09-05T23:00:00.000Z,True,19.0,9.0,fbs,fbs,True,10.0,28.0,16.1,60.8,0.828,-14.5,6.100000000000001,32.8,6.100000000000001,32.8,4.5,23.799999999999997,True,loss,loss,South Florida,19,208,0,38,108,100,1,0,,,56,3.7142857142857144,0.38461538461538464,30:09,Florida International,9,381,3,25,80,301,1,0,0.0,0.0,75,5.08,0.29411764705882354,29:51,-1.3657142857142857,3,19.4,13.3,6.100000000000001
401870763,2026-09-05 23:00:00,2026,regular,1.0,Sam Houston,Troy,0.0,0.0,50.1,31.6,18.6,0.778,-16.5,53.8,-13.0,-3.5,Sam Houston,-3.6,2026-09-05T10:41:31.217412+00:00,2026-09-05T10:41:24.816679Z,20260905T104131379946Z_f2ffde92,Troy,Sam Houston,2026,regular,1,2026-09-05T23:00:00.000Z,True,24.0,21.0,fbs,fbs,True,3.0,45.0,13.0,50.1,0.778,-16.5,10.0,5.100000000000001,10.0,5.100000000000001,13.5,8.799999999999997,True,win,win,Troy,24,342,0,42,177,165,4,0,0.0,,66,5.181818181818182,0.4,29:09,Sam Houston,21,373,1,24,38,335,4,0,0.0,0.0,70,5.328571428571428,0.42857142857142855,30:51,-0.14675324675324664,1,7.600000000000001,-2.3999999999999986,10.0
401856660,2026-09-05 23:30:00,2026,regular,1.0,Clemson,LSU,0.0,0.0,44.7,23.7,20.9,0.565,-9.8,50.5,-2.8,-7.0,Clemson,-5.8,2026-09-05T10:41:31.217412+00:00,2026-09-05T10:41:24.816679Z,20260905T104131379946Z_f2ffde92,LSU,Clemson,2026,regular,1,2026-09-05T23:30:00.000Z,True,51.0,10.0,fbs,fbs,True,41.0,61.0,2.8,44.7,0.565,-9.8,-38.2,-16.299999999999997,38.2,16.299999999999997,31.2,10.5,True,loss,loss,LSU,51,644,1,58,309,335,4,1,0.0,,94,6.851063829787234,0.6875,36:09,Clemson,10,145,1,26,40,105,0,0,0.0,,48,3.0208333333333335,0.07692307692307693,23:51,3.830230496453901,0,-27.3,10.899999999999999,-38.2
401856662,2026-09-05 23:30:00,2026,regular,1.0,UL Monroe,Mississippi State,0.0,0.0,54.7,37.5,17.3,0.883,-28.5,54.8,-20.2,-8.3,UL Monroe,-0.0,2026-09-05T10:41:31.217412+00:00,2026-09-05T10:41:24.816679Z,20260905T104131379946Z_f2ffde92,Mississippi State,UL Monroe,2026,regular,1,2026-09-05T23:30:00.000Z,True,62.0,13.0,fbs,fbs,True,49.0,75.0,20.2,54.7,0.883,-28.5,-28.8,-20.299999999999997,28.8,20.299999999999997,20.5,20.200000000000003,True,loss,abstain,Mississippi State,62,762,0,37,345,417,2,0,,,79,9.645569620253164,0.45454545454545453,28:13,UL Monroe,13,278,0,40,138,140,0,0,,,68,4.088235294117647,0.1875,31:47,5.557334326135518,0,-24.5,4.300000000000001,-28.8
401858428,2026-09-05 23:30:00,2026,regular,1.0,Western Michigan,Michigan,0.0,0.0,44.7,29.6,15.0,0.805,-27.5,49.5,-14.6,-12.9,Western Michigan,-4.8,2026-09-05T10:41:31.217412+00:00,2026-09-05T10:41:24.816679Z,20260905T104131379946Z_f2ffde92,Michigan,Western Michigan,2026,regular,1,2026-09-05T23:30:00.000Z,True,13.0,12.0,fbs,fbs,True,1.0,25.0,14.6,44.7,0.805,-27.5,13.6,19.700000000000003,13.6,19.700000000000003,26.5,24.5,True,win,win,Michigan,13,276,3,25,106,170,2,0,0.0,0.0,48,5.75,0.3,19:52,Western Michigan,12,221,0,46,132,89,1,0,,0.0,67,3.298507462686567,0.4444444444444444,40:08,2.451492537313433,-3,16.6,3.0,13.6
401856637,2026-09-05 23:45:00,2026,regular,1.0,Florida Atlantic,Florida,0.0,0.0,57.2,36.0,21.2,0.809,-26.5,59.5,-14.8,-11.7,Florida Atlantic,-2.3,2026-09-05T10:41:31.217412+00:00,2026-09-05T10:41:24.816679Z,20260905T104131379946Z_f2ffde92,Florida,Florida Atlantic,2026,regular,1,2026-09-05T23:45:00.000Z,True,66.0,21.0,fbs,fbs,True,45.0,87.0,14.8,57.2,0.809,-26.5,-30.2,-29.799999999999997,30.2,29.799999999999997,18.5,27.5,True,loss,loss,Florida,66,624,1,41,281,343,2,0,,,67,9.313432835820896,0.5555555555555556,31:36,Florida Atlantic,21,396,3,37,120,276,1,0,0.0,,90,4.4,0.5,28:24,4.913432835820895,2,-30.0,0.1999999999999993,-30.2
401864497,2026-09-06 02:00:00,2026,regular,1.0,UNLV,Hawai'i,0.0,1.0,57.0,27.6,29.4,0.457,3.0,55.5,1.8,1.2,Hawai'i,1.5,2026-09-05T10:41:31.217412+00:00,2026-09-05T10:41:24.816679Z,20260905T104131379946Z_f2ffde92,Hawai'i,UNLV,2026,regular,1,2026-09-06T02:00:00.000Z,True,6.0,21.0,fbs,fbs,True,-15.0,27.0,-1.8,57.0,0.457,3.0,13.2,30.0,13.2,30.0,12.0,28.5,True,loss,loss,Hawai'i,6,294,1,33,118,176,1,0,0.0,0.0,76,3.8684210526315788,0.45,32:05,UNLV,21,364,0,43,248,116,5,0,,0.0,61,5.967213114754099,0.4666666666666667,27:55,-2.09879206212252,-1,21.6,8.399999999999999,-13.2
401864498,2026-09-06 02:00:00,2026,regular,1.0,Central Michigan,New Mexico,0.0,0.0,45.4,27.2,18.3,0.699,-10.5,46.8,-8.9,-1.6,Central Michigan,-1.3,2026-09-05T10:41:31.217412+00:00,2026-09-05T10:41:24.816679Z,20260905T104131379946Z_f2ffde92,New Mexico,Central Michigan,2026,regular,1,2026-09-06T02:00:00.000Z,True,38.0,7.0,fbs,fbs,True,31.0,45.0,8.9,45.4,0.699,-10.5,-22.1,0.3999999999999986,22.1,0.3999999999999986,20.5,1.7999999999999972,True,loss,win,New Mexico,38,364,0,44,205,159,3,0,,0.0,69,5.27536231884058,0.5384615384615384,37:29,Central Michigan,7,149,2,32,119,30,2,0,,,48,3.1041666666666665,0.18181818181818182,22:31,2.1711956521739135,2,-10.8,11.3,-22.1
401858210,2026-09-06 02:30:00,2026,regular,1.0,UCLA,California,0.0,0.0,53.2,30.5,22.7,0.677,2.5,53.5,-7.8,10.3,California,-0.3,2026-09-05T10:41:31.217412+00:00,2026-09-05T10:41:24.816679Z,20260905T104131379946Z_f2ffde92,California,UCLA,2026,regular,1,2026-09-06T02:30:00.000Z,True,24.0,45.0,fbs,fbs,True,-21.0,69.0,7.8,53.2,0.677,2.5,28.8,-15.799999999999997,28.8,15.799999999999997,18.5,15.5,False,loss,loss,California,24,410,3,40,119,291,2,0,0.0,0.0,87,4.712643678160919,0.5238095238095238,34:49,UCLA,45,461,1,32,277,184,2,0,0.0,0.0,54,8.537037037037036,0.5454545454545454,25:11,-3.824393358876117,-2,6.5,-22.3,-28.8
401864432,2026-09-06 02:30:00,2026,regular,1.0,Western Kentucky,Nevada,0.0,0.0,49.0,23.7,25.3,0.461,0.2,51.5,1.7,-1.4,Western Kentucky,-2.5,2026-09-05T10:41:31.217412+00:00,2026-09-05T10:41:24.816679Z,20260905T104131379946Z_f2ffde92,Nevada,Western Kentucky,2026,regular,1,2026-09-06T02:30:00.000Z,True,49.0,14.0,fbs,fbs,True,35.0,63.0,-1.7,49.0,0.461,0.2,-36.7,-14.0,36.7,14.0,35.2,11.5,False,loss,loss,Nevada,49,486,1,42,323,163,3,0,0.0,0.0,58,8.379310344827585,0.5,27:27,Western Kentucky,14,367,2,42,164,203,0,0,0.0,,82,4.475609756097561,0.35294117647058826,32:33,3.9037005887300245,1,-25.3,11.3,36.7
401858437,2026-09-06 20:00:00,2026,regular,1.0,Washington State,Washington,0.0,0.0,46.4,27.8,18.6,0.705,-23.2,51.2,-9.2,-14.1,Washington State,-4.8,2026-09-05T10:41:31.217412+00:00,2026-09-05T10:41:24.816679Z,20260905T104131379946Z_f2ffde92,Washington,Washington State,2026,regular,1,2026-09-06T20:00:00.000Z,True,24.0,10.0,fbs,fbs,True,14.0,34.0,9.2,46.4,0.705,-23.2,-4.800000000000001,12.399999999999999,4.800000000000001,12.399999999999999,9.2,17.200000000000003,True,win,win,Washington,24,402,0,29,134,268,3,0,0.0,0.0,64,6.28125,0.3333333333333333,29:16,Washington State,10,242,3,31,100,142,0,0,0.0,0.0,56,4.321428571428571,0.0,30:44,1.9598214285714288,3,3.8000000000000007,8.600000000000001,-4.800000000000001
401856661,2026-09-06 23:30:00,2026,regular,1.0,Louisville,Ole Miss,1.0,0.0,57.9,34.5,23.4,0.743,-6.5,54.8,-11.1,4.6,Ole Miss,3.2,2026-09-05T10:41:31.217412+00:00,2026-09-05T10:41:24.816679Z,20260905T104131379946Z_f2ffde92,Ole Miss,Louisville,2026,regular,1,2026-09-06T23:30:00.000Z,True,41.0,38.0,fbs,fbs,True,3.0,79.0,11.1,57.9,0.743,-6.5,8.1,-21.1,8.1,21.1,3.5,24.200000000000003,True,loss,win,Ole Miss,41,478,2,42,142,336,3,0,0.0,0.0,79,6.050632911392405,0.375,29:02,Louisville,38,469,0,39,162,307,0,0,0.0,0.0,68,6.897058823529412,0.4375,30:58,-0.8464259121370068,-2,-6.5,-14.600000000000001,8.1
401858438,2026-09-06 23:30:00,2026,regular,1.0,Wisconsin,Notre Dame,1.0,0.0,49.7,37.4,12.3,0.93,-20.5,46.5,-25.1,4.6,Notre Dame,3.2,2026-09-05T10:41:31.217412+00:00,2026-09-05T10:41:24.816679Z,20260905T104131379946Z_f2ffde92,Notre Dame,Wisconsin,2026,regular,1,2026-09-06T23:30:00.000Z,True,41.0,13.0,fbs,fbs,True,28.0,54.0,25.1,49.7,0.93,-20.5,-2.8999999999999986,-4.299999999999997,2.8999999999999986,4.299999999999997,7.5,7.5,True,win,win,Notre Dame,41,350,0,32,111,239,2,1,0.0,0.0,61,5.737704918032787,0.3333333333333333,31:36,Wisconsin,13,284,2,31,67,217,1,0,0.0,0.0,61,4.655737704918033,0.38461538461538464,28:24,1.081967213114754,2,-3.6000000000000014,-0.6999999999999993,-2.8999999999999986
401858212,2026-09-07 23:30:00,2026,regular,1.0,SMU,Florida State,0.0,1.0,50.5,25.7,24.8,0.52,3.0,53.2,-0.9,3.9,Florida State,-2.8,2026-09-05T10:41:31.217412+00:00,2026-09-05T10:41:24.816679Z,20260905T104131379946Z_f2ffde92,Florida State,SMU,2026,regular,1,2026-09-07T23:30:00.000Z,True,24.0,27.0,fbs,fbs,True,-3.0,51.0,0.9,50.5,0.52,3.0,3.9,-0.5,3.9,0.5,0.0,2.200000000000003,False,push,win,Florida State,24,329,1,44,206,123,0,0,0.0,0.0,67,4.91044776119403,0.14285714285714285,32:04,SMU,27,585,4,31,155,430,3,0,0.0,0.0,67,8.73134328358209,0.5714285714285714,27:56,-3.82089552238806,3,1.6999999999999993,-2.1999999999999993,-3.9
