id,kickoff_utc,season,season_type,week,away_team,home_team,neutral_site,conference_game,model_total,proj_home_score,proj_away_score,home_win_prob,market_spread_home,market_total,model_spread_home,model_market_delta,model_pick_ats,model_market_total_delta,issued_at_utc,data_cutoff_utc,run_id,home_team_result,away_team_result,season_result,season_type_result,week_result,start_date,completed,home_points,away_points,home_classification,away_classification,graded,actual_margin,actual_total,pred_margin,pred_total,p_home_win,spread_home,margin_error,total_error,margin_abs_error,total_abs_error,market_margin_abs_error,market_total_abs_error,winner_hit,ats_result,over_under_result
401856634,2026-09-05 16:00:00,2026,regular,1.0,East Carolina,Alabama,0.0,0.0,47.4,31.0,16.3,0.806,-27.8,52.5,-14.7,-13.1,East Carolina,-5.1,2026-09-05T10:41:31.217412+00:00,2026-09-05T10:41:24.816679Z,20260905T104131379946Z_f2ffde92,Alabama,East Carolina,2026,regular,1,2026-09-05T16:00:00.000Z,True,48.0,10.0,fbs,fbs,True,38.0,58.0,14.7,47.4,0.806,-27.8,-23.3,-10.600000000000001,23.3,10.600000000000001,10.2,5.5,True,loss,loss
401856778,2026-09-05 16:00:00,2026,regular,1.0,Oregon State,Houston,0.0,0.0,50.4,31.9,18.5,0.784,-20.8,50.5,-13.4,-7.4,Oregon State,-0.1,2026-09-05T10:41:31.217412+00:00,2026-09-05T10:41:24.816679Z,20260905T104131379946Z_f2ffde92,Houston,Oregon State,2026,regular,1,2026-09-05T16:00:00.000Z,True,33.0,20.0,fbs,fbs,True,13.0,53.0,13.4,50.4,0.784,-20.8,0.40000000000000036,-2.6000000000000014,0.40000000000000036,2.6000000000000014,7.800000000000001,2.5,True,win,loss
401856780,2026-09-05 16:00:00,2026,regular,1.0,Coastal Carolina,West Virginia,0.0,0.0,50.4,29.0,21.4,0.673,-21.0,54.8,-7.6,-13.4,Coastal Carolina,-4.3,2026-09-05T10:41:31.217412+00:00,2026-09-05T10:41:24.816679Z,20260905T104131379946Z_f2ffde92,West Virginia,Coastal Carolina,2026,regular,1,2026-09-05T16:00:00.000Z,True,31.0,24.0,fbs,fbs,True,7.0,55.0,7.6,50.4,0.673,-21.0,0.5999999999999996,-4.600000000000001,0.5999999999999996,4.600000000000001,14.0,0.20000000000000284,True,win,loss
401858425,2026-09-05 16:00:00,2026,regular,1.0,North Texas,Indiana,0.0,0.0,59.7,39.3,20.4,0.866,-40.8,56.8,-18.9,-21.9,North Texas,2.9,2026-09-05T10:41:31.217412+00:00,2026-09-05T10:41:24.816679Z,20260905T104131379946Z_f2ffde92,Indiana,North Texas,2026,regular,1,2026-09-05T16:00:00.000Z,True,52.0,16.0,fbs,fbs,True,36.0,68.0,18.9,59.7,0.866,-40.8,-17.1,-8.299999999999997,17.1,8.299999999999997,4.799999999999997,11.200000000000003,True,win,win
401858430,2026-09-05 16:00:00,2026,regular,1.0,Ohio,Nebraska,0.0,0.0,54.0,31.4,22.6,0.698,-23.5,46.2,-8.8,-14.7,Ohio,7.8,2026-09-05T10:41:31.217412+00:00,2026-09-05T10:41:24.816679Z,20260905T104131379946Z_f2ffde92,Nebraska,Ohio,2026,regular,1,2026-09-05T16:00:00.000Z,True,49.0,21.0,fbs,fbs,True,28.0,70.0,8.8,54.0,0.698,-23.5,-19.2,-16.0,19.2,16.0,4.5,23.799999999999997,True,loss,win
401869960,2026-09-05 16:00:00,2026,regular,1.0,Liberty,James Madison,0.0,0.0,54.1,34.5,19.6,0.81,-6.0,50.5,-14.9,8.9,James Madison,3.6,2026-09-05T10:41:31.217412+00:00,2026-09-05T10:41:24.816679Z,20260905T104131379946Z_f2ffde92,James Madison,Liberty,2026,regular,1,2026-09-05T16:00:00.000Z,True,20.0,13.0,fbs,fbs,True,7.0,33.0,14.9,54.1,0.81,-6.0,7.9,21.1,7.9,21.1,1.0,17.5,True,win,loss
401858207,2026-09-05 16:30:00,2026,regular,1.0,Miami (OH),Pittsburgh,0.0,0.0,48.4,28.6,19.8,0.697,-16.2,47.2,-8.8,-7.5,Miami (OH),1.1,2026-09-05T10:41:31.217412+00:00,2026-09-05T10:41:24.816679Z,20260905T104131379946Z_f2ffde92,Pittsburgh,Miami (OH),2026,regular,1,2026-09-05T16:30:00.000Z,True,59.0,14.0,fbs,fbs,True,45.0,73.0,8.8,48.4,0.697,-16.2,-36.2,-24.6,36.2,24.6,28.8,25.799999999999997,True,loss,win
401858432,2026-09-05 16:30:00,2026,regular,1.0,Ball State,Ohio State,0.0,0.0,53.2,45.9,7.3,0.988,-50.2,56.5,-38.6,-11.7,Ball State,-3.3,2026-09-05T10:41:31.217412+00:00,2026-09-05T10:41:24.816679Z,20260905T104131379946Z_f2ffde92,Ohio State,Ball State,2026,regular,1,2026-09-05T16:30:00.000Z,True,56.0,3.0,fbs,fbs,True,53.0,59.0,38.6,53.2,0.988,-50.2,-14.399999999999999,-5.799999999999997,14.399999999999999,5.799999999999997,2.799999999999997,2.5,True,loss,loss
401856665,2026-09-05 16:45:00,2026,regular,1.0,Kent State,South Carolina,0.0,0.0,57.4,41.1,16.3,0.927,-36.0,53.5,-24.7,-11.3,Kent State,3.9,2026-09-05T10:41:31.217412+00:00,2026-09-05T10:41:24.816679Z,20260905T104131379946Z_f2ffde92,South Carolina,Kent State,2026,regular,1,2026-09-05T16:45:00.000Z,True,57.0,0.0,fbs,fbs,True,57.0,57.0,24.7,57.4,0.927,-36.0,-32.3,0.3999999999999986,32.3,0.3999999999999986,21.0,3.5,True,loss,win
401856636,2026-09-05 19:30:00,2026,regular,1.0,Baylor,Auburn,1.0,0.0,52.1,30.4,21.8,0.693,-7.5,59.5,-8.6,1.1,Auburn,-7.4,2026-09-05T10:41:31.217412+00:00,2026-09-05T10:41:24.816679Z,20260905T104131379946Z_f2ffde92,Auburn,Baylor,2026,regular,1,2026-09-05T19:30:00.000Z,True,17.0,16.0,fbs,fbs,True,1.0,33.0,8.6,52.1,0.693,-7.5,7.6,19.1,7.6,19.1,6.5,26.5,True,loss,win
401856667,2026-09-05 19:30:00,2026,regular,1.0,Texas State,Texas,0.0,0.0,57.4,36.5,20.9,0.822,-29.5,59.8,-15.7,-13.8,Texas State,-2.3,2026-09-05T10:41:31.217412+00:00,2026-09-05T10:41:24.816679Z,20260905T104131379946Z_f2ffde92,Texas,Texas State,2026,regular,1,2026-09-05T19:30:00.000Z,True,59.0,7.0,fbs,fbs,True,52.0,66.0,15.7,57.4,0.822,-29.5,-36.3,-8.600000000000001,36.3,8.600000000000001,22.5,6.200000000000003,True,loss,loss
401856777,2026-09-05 19:30:00,2026,regular,1.0,Boston College,Cincinnati,0.0,0.0,59.1,33.6,25.4,0.685,-7.5,50.2,-8.2,0.7,Cincinnati,8.8,2026-09-05T10:41:31.217412+00:00,2026-09-05T10:41:24.816679Z,20260905T104131379946Z_f2ffde92,Cincinnati,Boston College,2026,regular,1,2026-09-05T19:30:00.000Z,True,34.0,15.0,fbs,fbs,True,19.0,49.0,8.2,59.1,0.685,-7.5,-10.8,10.100000000000001,10.8,10.100000000000001,11.5,1.2000000000000028,True,win,loss
401858209,2026-09-05 19:30:00,2026,regular,1.0,Tulane,Duke,0.0,0.0,56.5,29.9,26.6,0.578,-7.5,51.0,-3.3,-4.2,Tulane,5.5,2026-09-05T10:41:31.217412+00:00,2026-09-05T10:41:24.816679Z,20260905T104131379946Z_f2ffde92,Duke,Tulane,2026,regular,1,2026-09-05T19:30:00.000Z,True,17.0,3.0,fbs,fbs,True,14.0,20.0,3.3,56.5,0.578,-7.5,-10.7,36.5,10.7,36.5,6.5,31.0,True,loss,loss
401858433,2026-09-05 19:30:00,2026,regular,1.0,Boise State,Oregon,0.0,0.0,58.6,39.1,19.5,0.876,-24.8,51.5,-19.7,-5.1,Boise State,7.1,2026-09-05T10:41:31.217412+00:00,2026-09-05T10:41:24.816679Z,20260905T104131379946Z_f2ffde92,Oregon,Boise State,2026,regular,1,2026-09-05T19:30:00.000Z,True,34.0,27.0,fbs,fbs,True,7.0,61.0,19.7,58.6,0.876,-24.8,12.7,-2.3999999999999986,12.7,2.3999999999999986,17.8,9.5,True,win,win
401858434,2026-09-05 19:30:00,2026,regular,1.0,Marshall,Penn State,0.0,0.0,57.1,36.8,20.2,0.835,-23.5,52.2,-16.6,-6.9,Marshall,4.8,2026-09-05T10:41:31.217412+00:00,2026-09-05T10:41:24.816679Z,20260905T104131379946Z_f2ffde92,Penn State,Marshall,2026,regular,1,2026-09-05T19:30:00.000Z,True,45.0,0.0,fbs,fbs,True,45.0,45.0,16.6,57.1,0.835,-23.5,-28.4,12.100000000000001,28.4,12.100000000000001,21.5,7.200000000000003,True,loss,loss
401856772,2026-09-05 19:45:00,2026,regular,1.0,Oklahoma State,Tulsa,0.0,0.0,52.8,29.6,23.1,0.649,13.5,59.2,-6.5,20.0,Tulsa,-6.5,2026-09-05T10:41:31.217412+00:00,2026-09-05T10:41:24.816679Z,20260905T104131379946Z_f2ffde92,Tulsa,Oklahoma State,2026,regular,1,2026-09-05T19:45:00.000Z,True,24.0,10.0,fbs,fbs,True,14.0,34.0,6.5,52.8,0.649,13.5,-7.5,18.799999999999997,7.5,18.799999999999997,27.5,25.200000000000003,True,win,win
401858426,2026-09-05 20:15:00,2026,regular,1.0,Northern Illinois,Iowa,0.0,0.0,48.6,34.5,14.2,0.883,-31.8,44.5,-20.3,-11.5,Northern Illinois,4.1,2026-09-05T10:41:31.217412+00:00,2026-09-05T10:41:24.816679Z,20260905T104131379946Z_f2ffde92,Iowa,Northern Illinois,2026,regular,1,2026-09-05T20:15:00.000Z,True,40.0,0.0,fbs,fbs,True,40.0,40.0,20.3,48.6,0.883,-31.8,-19.7,8.600000000000001,19.7,8.600000000000001,8.2,4.5,True,loss,loss
401860878,2026-09-05 22:00:00,2026,regular,1.0,Wyoming,Colorado State,0.0,0.0,46.1,24.4,21.7,0.562,-3.0,46.5,-2.6,-0.4,Wyoming,-0.4,2026-09-05T10:41:31.217412+00:00,2026-09-05T10:41:24.816679Z,20260905T104131379946Z_f2ffde92,Colorado State,Wyoming,2026,regular,1,2026-09-05T22:00:00.000Z,True,35.0,13.0,fbs,fbs,True,22.0,48.0,2.6,46.1,0.562,-3.0,-19.4,-1.8999999999999986,19.4,1.8999999999999986,19.0,1.5,True,loss,loss
401856668,2026-09-05 23:00:00,2026,regular,1.0,Missouri State,Texas A&M,0.0,0.0,56.5,40.2,16.2,0.921,-40.5,53.5,-24.0,-16.5,Missouri State,3.0,2026-09-05T10:41:31.217412+00:00,2026-09-05T10:41:24.816679Z,20260905T104131379946Z_f2ffde92,Texas A&M,Missouri State,2026,regular,1,2026-09-05T23:00:00.000Z,True,50.0,0.0,fbs,fbs,True,50.0,50.0,24.0,56.5,0.921,-40.5,-26.0,6.5,26.0,6.5,9.5,3.5,True,loss,loss
401862695,2026-09-05 23:00:00,2026,regular,1.0,Arkansas State,Memphis,0.0,0.0,51.1,31.2,19.9,0.747,-11.2,53.5,-11.3,0.0,Memphis,-2.4,2026-09-05T10:41:31.217412+00:00,2026-09-05T10:41:24.816679Z,20260905T104131379946Z_f2ffde92,Memphis,Arkansas State,2026,regular,1,2026-09-05T23:00:00.000Z,True,42.0,24.0,fbs,fbs,True,18.0,66.0,11.3,51.1,0.747,-11.2,-6.699999999999999,-14.899999999999999,6.699999999999999,14.899999999999999,6.800000000000001,12.5,True,win,loss
401862699,2026-09-05 23:00:00,2026,regular,1.0,Florida International,South Florida,0.0,0.0,60.8,38.4,22.3,0.828,-14.5,51.8,-16.1,1.6,South Florida,9.0,2026-09-05T10:41:31.217412+00:00,2026-09-05T10:41:24.816679Z,20260905T104131379946Z_f2ffde92,South Florida,Florida International,2026,regular,1,2026-09-05T23:00:00.000Z,True,19.0,9.0,fbs,fbs,True,10.0,28.0,16.1,60.8,0.828,-14.5,6.100000000000001,32.8,6.100000000000001,32.8,4.5,23.799999999999997,True,loss,loss
401870763,2026-09-05 23:00:00,2026,regular,1.0,Sam Houston,Troy,0.0,0.0,50.1,31.6,18.6,0.778,-16.5,53.8,-13.0,-3.5,Sam Houston,-3.6,2026-09-05T10:41:31.217412+00:00,2026-09-05T10:41:24.816679Z,20260905T104131379946Z_f2ffde92,Troy,Sam Houston,2026,regular,1,2026-09-05T23:00:00.000Z,True,24.0,21.0,fbs,fbs,True,3.0,45.0,13.0,50.1,0.778,-16.5,10.0,5.100000000000001,10.0,5.100000000000001,13.5,8.799999999999997,True,win,win
401856660,2026-09-05 23:30:00,2026,regular,1.0,Clemson,LSU,0.0,0.0,44.7,23.7,20.9,0.565,-9.8,50.5,-2.8,-7.0,Clemson,-5.8,2026-09-05T10:41:31.217412+00:00,2026-09-05T10:41:24.816679Z,20260905T104131379946Z_f2ffde92,LSU,Clemson,2026,regular,1,2026-09-05T23:30:00.000Z,True,51.0,10.0,fbs,fbs,True,41.0,61.0,2.8,44.7,0.565,-9.8,-38.2,-16.299999999999997,38.2,16.299999999999997,31.2,10.5,True,loss,loss
401856662,2026-09-05 23:30:00,2026,regular,1.0,UL Monroe,Mississippi State,0.0,0.0,54.7,37.5,17.3,0.883,-28.5,54.8,-20.2,-8.3,UL Monroe,-0.0,2026-09-05T10:41:31.217412+00:00,2026-09-05T10:41:24.816679Z,20260905T104131379946Z_f2ffde92,Mississippi State,UL Monroe,2026,regular,1,2026-09-05T23:30:00.000Z,True,62.0,13.0,fbs,fbs,True,49.0,75.0,20.2,54.7,0.883,-28.5,-28.8,-20.299999999999997,28.8,20.299999999999997,20.5,20.200000000000003,True,loss,abstain
401858428,2026-09-05 23:30:00,2026,regular,1.0,Western Michigan,Michigan,0.0,0.0,44.7,29.6,15.0,0.805,-27.5,49.5,-14.6,-12.9,Western Michigan,-4.8,2026-09-05T10:41:31.217412+00:00,2026-09-05T10:41:24.816679Z,20260905T104131379946Z_f2ffde92,Michigan,Western Michigan,2026,regular,1,2026-09-05T23:30:00.000Z,True,13.0,12.0,fbs,fbs,True,1.0,25.0,14.6,44.7,0.805,-27.5,13.6,19.700000000000003,13.6,19.700000000000003,26.5,24.5,True,win,win
401856637,2026-09-05 23:45:00,2026,regular,1.0,Florida Atlantic,Florida,0.0,0.0,57.2,36.0,21.2,0.809,-26.5,59.5,-14.8,-11.7,Florida Atlantic,-2.3,2026-09-05T10:41:31.217412+00:00,2026-09-05T10:41:24.816679Z,20260905T104131379946Z_f2ffde92,Florida,Florida Atlantic,2026,regular,1,2026-09-05T23:45:00.000Z,True,66.0,21.0,fbs,fbs,True,45.0,87.0,14.8,57.2,0.809,-26.5,-30.2,-29.799999999999997,30.2,29.799999999999997,18.5,27.5,True,loss,loss
401864497,2026-09-06 02:00:00,2026,regular,1.0,UNLV,Hawai'i,0.0,1.0,57.0,27.6,29.4,0.457,3.0,55.5,1.8,1.2,Hawai'i,1.5,2026-09-05T10:41:31.217412+00:00,2026-09-05T10:41:24.816679Z,20260905T104131379946Z_f2ffde92,Hawai'i,UNLV,2026,regular,1,2026-09-06T02:00:00.000Z,True,6.0,21.0,fbs,fbs,True,-15.0,27.0,-1.8,57.0,0.457,3.0,13.2,30.0,13.2,30.0,12.0,28.5,True,loss,loss
401864498,2026-09-06 02:00:00,2026,regular,1.0,Central Michigan,New Mexico,0.0,0.0,45.4,27.2,18.3,0.699,-10.5,46.8,-8.9,-1.6,Central Michigan,-1.3,2026-09-05T10:41:31.217412+00:00,2026-09-05T10:41:24.816679Z,20260905T104131379946Z_f2ffde92,New Mexico,Central Michigan,2026,regular,1,2026-09-06T02:00:00.000Z,True,38.0,7.0,fbs,fbs,True,31.0,45.0,8.9,45.4,0.699,-10.5,-22.1,0.3999999999999986,22.1,0.3999999999999986,20.5,1.7999999999999972,True,loss,win
401858210,2026-09-06 02:30:00,2026,regular,1.0,UCLA,California,0.0,0.0,53.2,30.5,22.7,0.677,2.5,53.5,-7.8,10.3,California,-0.3,2026-09-05T10:41:31.217412+00:00,2026-09-05T10:41:24.816679Z,20260905T104131379946Z_f2ffde92,California,UCLA,2026,regular,1,2026-09-06T02:30:00.000Z,True,24.0,45.0,fbs,fbs,True,-21.0,69.0,7.8,53.2,0.677,2.5,28.8,-15.799999999999997,28.8,15.799999999999997,18.5,15.5,False,loss,loss
401864432,2026-09-06 02:30:00,2026,regular,1.0,Western Kentucky,Nevada,0.0,0.0,49.0,23.7,25.3,0.461,0.2,51.5,1.7,-1.4,Western Kentucky,-2.5,2026-09-05T10:41:31.217412+00:00,2026-09-05T10:41:24.816679Z,20260905T104131379946Z_f2ffde92,Nevada,Western Kentucky,2026,regular,1,2026-09-06T02:30:00.000Z,True,49.0,14.0,fbs,fbs,True,35.0,63.0,-1.7,49.0,0.461,0.2,-36.7,-14.0,36.7,14.0,35.2,11.5,False,loss,loss
401858437,2026-09-06 20:00:00,2026,regular,1.0,Washington State,Washington,0.0,0.0,46.4,27.8,18.6,0.705,-23.2,51.2,-9.2,-14.1,Washington State,-4.8,2026-09-05T10:41:31.217412+00:00,2026-09-05T10:41:24.816679Z,20260905T104131379946Z_f2ffde92,Washington,Washington State,2026,regular,1,2026-09-06T20:00:00.000Z,True,24.0,10.0,fbs,fbs,True,14.0,34.0,9.2,46.4,0.705,-23.2,-4.800000000000001,12.399999999999999,4.800000000000001,12.399999999999999,9.2,17.200000000000003,True,win,win
401856661,2026-09-06 23:30:00,2026,regular,1.0,Louisville,Ole Miss,1.0,0.0,57.9,34.5,23.4,0.743,-6.5,54.8,-11.1,4.6,Ole Miss,3.2,2026-09-05T10:41:31.217412+00:00,2026-09-05T10:41:24.816679Z,20260905T104131379946Z_f2ffde92,Ole Miss,Louisville,2026,regular,1,2026-09-06T23:30:00.000Z,True,41.0,38.0,fbs,fbs,True,3.0,79.0,11.1,57.9,0.743,-6.5,8.1,-21.1,8.1,21.1,3.5,24.200000000000003,True,loss,win
401858438,2026-09-06 23:30:00,2026,regular,1.0,Wisconsin,Notre Dame,1.0,0.0,49.7,37.4,12.3,0.93,-20.5,46.5,-25.1,4.6,Notre Dame,3.2,2026-09-05T10:41:31.217412+00:00,2026-09-05T10:41:24.816679Z,20260905T104131379946Z_f2ffde92,Notre Dame,Wisconsin,2026,regular,1,2026-09-06T23:30:00.000Z,True,41.0,13.0,fbs,fbs,True,28.0,54.0,25.1,49.7,0.93,-20.5,-2.8999999999999986,-4.299999999999997,2.8999999999999986,4.299999999999997,7.5,7.5,True,win,win
401858212,2026-09-07 23:30:00,2026,regular,1.0,SMU,Florida State,0.0,1.0,50.5,25.7,24.8,0.52,3.0,53.2,-0.9,3.9,Florida State,-2.8,2026-09-05T10:41:31.217412+00:00,2026-09-05T10:41:24.816679Z,20260905T104131379946Z_f2ffde92,Florida State,SMU,2026,regular,1,2026-09-07T23:30:00.000Z,True,24.0,27.0,fbs,fbs,True,-3.0,51.0,0.9,50.5,0.52,3.0,3.9,-0.5,3.9,0.5,0.0,2.200000000000003,False,push,win
