candidate,scope,games,margin_mae,total_mae,winner_accuracy,brier,games_with_spread,paired_model_margin_mae,market_margin_mae,games_with_total,paired_model_total_mae,market_total_mae,ats_wins,ats_losses,ats_pushes,ats_rate
baseline,development_2019_2023,3646,13.070935585923117,13.514448059972715,0.7106417992320351,0.18691258538618305,3646,13.070935585923117,12.307117388919364,3646,13.514448059972715,12.713658804168952,1745,1841,60,0.48661461238148357
baseline,confirmation_2024_2025,1606,12.704392856250665,13.052014047513573,0.7042341220423413,0.18903272648831965,1606,12.704392856250665,11.944427148194272,1606,13.052014047513573,12.63854296388543,822,751,33,0.5225683407501589
baseline,all_2019_2025,5252,12.958851118319542,13.373041162788901,0.7086824067022087,0.18756089966836723,5252,12.958851118319542,12.196210967250572,5252,13.373041162788901,12.690689261233816,2567,2592,93,0.49757704981585577
baseline,regular_week1,292,13.506867613692872,13.388203566376275,0.7602739726027398,0.15889359401008984,292,13.506867613692872,12.158390410958905,292,13.388203566376275,12.370719178082192,151,140,1,0.5189003436426117
baseline,2019,774,12.917586112729737,13.799551398240153,0.7299741602067183,0.17436694859631618,774,12.917586112729737,12.157622739018088,774,13.799551398240153,12.825904392764858,377,386,11,0.4941022280471822
baseline,2020,534,13.484773493014472,13.99808120453269,0.704119850187266,0.1898407067178254,534,13.484773493014472,12.883895131086142,534,13.99808120453269,13.602996254681647,263,261,10,0.5019083969465649
baseline,2021,770,13.593601330196643,13.154030169594233,0.7038961038961039,0.19162020458539838,770,13.593601330196643,12.538311688311689,770,13.154030169594233,12.574025974025973,352,407,11,0.463768115942029
baseline,2022,776,12.73032793572159,13.199958655976838,0.6907216494845361,0.1956740920604067,776,12.73032793572159,12.019329896907216,776,13.199958655976838,12.063144329896907,380,383,13,0.4980340760157274
baseline,2023,792,12.767352206290116,13.568280724212876,0.7222222222222222,0.18403747190343883,792,12.767352206290116,12.121527777777779,792,13.568280724212876,12.777462121212121,373,404,15,0.4800514800514801
baseline,2024,798,12.850426422701164,12.981936663136244,0.6979949874686717,0.19235719331814366,798,12.850426422701164,12.06766917293233,798,12.981936663136244,12.738721804511279,409,372,17,0.5236875800256082
baseline,2025,808,12.560166635919602,13.121224137529799,0.7103960396039604,0.1857494040499539,808,12.560166635919602,11.822710396039604,808,13.121224137529799,12.53960396039604,413,379,16,0.5214646464646465
half_residual,development_2019_2023,3646,13.125055957186513,13.514448059972715,0.7125617114646188,0.18714666942798874,3646,13.125055957186513,12.307117388919364,3646,13.514448059972715,12.713658804168952,1772,1814,60,0.49414389291689903
half_residual,confirmation_2024_2025,1606,12.79912704161563,13.052014047513573,0.6998754669987547,0.18868321835374496,1606,12.79912704161563,11.944427148194272,1606,13.052014047513573,12.63854296388543,821,752,33,0.5219326128417038
half_residual,all_2019_2025,5252,13.025390717581251,13.373041162788901,0.7086824067022087,0.18761652806750978,5252,13.025390717581251,12.196210967250572,5252,13.373041162788901,12.690689261233816,2593,2566,93,0.5026167861988757
half_residual,regular_week1,292,14.304505709900994,13.388203566376275,0.7534246575342466,0.16635117498396332,292,14.304505709900994,12.158390410958905,292,13.388203566376275,12.370719178082192,152,139,1,0.5223367697594502
half_residual,2019,774,13.018616286819443,13.799551398240153,0.727390180878553,0.17594738453035963,774,13.018616286819443,12.157622739018088,774,13.799551398240153,12.825904392764858,387,376,11,0.5072083879423329
half_residual,2020,534,13.456133903415218,13.99808120453269,0.7078651685393258,0.18866505962996558,534,13.456133903415218,12.883895131086142,534,13.99808120453269,13.602996254681647,267,257,10,0.5095419847328244
half_residual,2021,770,13.564447564368727,13.154030169594233,0.7064935064935065,0.19087514900955055,770,13.564447564368727,12.538311688311689,770,13.154030169594233,12.574025974025973,354,405,11,0.466403162055336
half_residual,2022,776,12.886265603457748,13.199958655976838,0.6894329896907216,0.19732897979872877,776,12.886265603457748,12.019329896907216,776,13.199958655976838,12.063144329896907,380,383,13,0.4980340760157274
half_residual,2023,792,12.812629768475915,13.568280724212876,0.7297979797979798,0.18346614419744883,792,12.812629768475915,12.121527777777779,792,13.568280724212876,12.777462121212121,384,393,15,0.4942084942084942
half_residual,2024,798,13.007094956588844,12.981936663136244,0.6867167919799498,0.19345045842416325,798,13.007094956588844,12.06766917293233,798,12.981936663136244,12.738721804511279,403,378,17,0.5160051216389244
half_residual,2025,808,12.593732986976242,13.121224137529799,0.7128712871287128,0.1839749787792477,808,12.593732986976242,11.822710396039604,808,13.121224137529799,12.53960396039604,418,374,16,0.5277777777777778
market_blend_50,development_2019_2023,3646,12.529296876664475,12.88865024261609,0.7251782775644542,0.17839997568851088,3646,12.529296876664475,12.307117388919364,3646,12.88865024261609,12.713658804168952,1745,1841,60,0.48661461238148357
market_blend_50,confirmation_2024_2025,1606,12.166083482933939,12.648701008846801,0.7141967621419676,0.181581741773519,1606,12.166083482933939,11.944427148194272,1606,12.648701008846801,12.63854296388543,822,751,33,0.5225683407501589
market_blend_50,all_2019_2025,5252,12.418230480942606,12.81527658126166,0.7218202589489718,0.17937292243880087,5252,12.418230480942606,12.196210967250572,5252,12.81527658126166,12.690689261233816,2567,2592,93,0.49757704981585577
market_blend_50,regular_week1,292,12.506423461542418,12.75902393643658,0.7705479452054794,0.14897906821463372,292,12.506423461542418,12.158390410958905,292,12.75902393643658,12.370719178082192,151,140,1,0.5189003436426117
market_blend_50,2019,774,12.393478522345477,13.111453774559683,0.7403100775193798,0.1667868736403351,774,12.393478522345477,12.157622739018088,774,13.111453774559683,12.825904392764858,377,386,11,0.4941022280471822
market_blend_50,2020,534,12.97728422130724,13.616845295205646,0.7322097378277154,0.18038055236238987,534,12.97728422130724,12.883895131086142,534,13.616845295205646,13.602996254681647,263,261,10,0.5019083969465649
market_blend_50,2021,770,12.892233540709523,12.641665110576348,0.7103896103896103,0.18080433259888065,770,12.892233540709523,12.538311688311689,770,12.641665110576348,12.574025974025973,352,407,11,0.463768115942029
market_blend_50,2022,776,12.194986493680718,12.37598692630772,0.711340206185567,0.18843012674859067,776,12.194986493680718,12.019329896907216,776,12.37598692630772,12.063144329896907,380,383,13,0.4980340760157274
market_blend_50,2023,792,12.334677924750808,12.92236134529126,0.7335858585858586,0.17624866381708418,792,12.334677924750808,12.121527777777779,792,12.92236134529126,12.777462121212121,373,404,15,0.4800514800514801
market_blend_50,2024,798,12.287960584308196,12.66074611021094,0.6992481203007519,0.18479596367367937,798,12.287960584308196,12.06766917293233,798,12.66074611021094,12.738721804511279,409,372,17,0.5236875800256082
market_blend_50,2025,808,12.045714761527183,12.63680498051935,0.7289603960396039,0.17840729984737053,808,12.045714761527183,11.822710396039604,808,12.63680498051935,12.53960396039604,413,379,16,0.5214646464646465
recent_six,development_2019_2023,3646,13.051438365534484,13.499430908819843,0.7078990674712013,0.18726856198975997,3646,13.051438365534484,12.307117388919364,3646,13.499430908819843,12.713658804168952,1741,1845,60,0.4854991634132738
recent_six,confirmation_2024_2025,1606,12.767298630013233,13.043983828587264,0.6998754669987547,0.19012931475372308,1606,12.767298630013233,11.944427148194272,1606,13.043983828587264,12.63854296388543,806,767,33,0.512396694214876
recent_six,all_2019_2025,5252,12.96455176704874,13.360160533562128,0.7054455445544554,0.18814334663159635,5252,12.96455176704874,12.196210967250572,5252,13.360160533562128,12.690689261233816,2547,2612,93,0.49370032952122506
recent_six,regular_week1,292,13.549427454613951,13.352074259656924,0.7534246575342466,0.16211293050029724,292,13.549427454613951,12.158390410958905,292,13.352074259656924,12.370719178082192,146,145,1,0.5017182130584192
recent_six,2019,774,12.917586112729737,13.799551398240153,0.7299741602067183,0.17436694859631618,774,12.917586112729737,12.157622739018088,774,13.799551398240153,12.825904392764858,377,386,11,0.4941022280471822
recent_six,2020,534,13.484773493014472,13.99808120453269,0.704119850187266,0.1898407067178254,534,13.484773493014472,12.883895131086142,534,13.99808120453269,13.602996254681647,263,261,10,0.5019083969465649
recent_six,2021,770,13.55828660191289,13.101294117325542,0.6922077922077922,0.1908373195225869,770,13.55828660191289,12.538311688311689,770,13.101294117325542,12.574025974025973,348,411,11,0.45849802371541504
recent_six,2022,776,12.747026227136692,13.09438654466527,0.6907216494845361,0.19824492797910936,776,12.747026227136692,12.019329896907216,776,13.09438654466527,12.063144329896907,367,396,13,0.48099606815203144
recent_six,2023,792,12.69556887434999,13.653859241285225,0.7209595959595959,0.18391846119901087,792,12.69556887434999,12.121527777777779,792,13.653859241285225,12.777462121212121,386,391,15,0.4967824967824968
recent_six,2024,798,12.866344189672418,12.994055853545229,0.7030075187969925,0.19186494551385758,798,12.866344189672418,12.06766917293233,798,12.994055853545229,12.738721804511279,409,372,17,0.5236875800256082
recent_six,2025,808,12.669478881735968,13.093293883146107,0.6967821782178217,0.18841516457230312,808,12.669478881735968,11.822710396039604,808,13.093293883146107,12.53960396039604,397,395,16,0.5012626262626263
