id,season,week,season_type,start_date,start_time_tbd,completed,neutral_site,conference_game,attendance,venue_id,venue,home_id,home_team,home_classification,home_conference,home_points,home_line_scores,home_postgame_win_probability,home_pregame_elo,home_postgame_elo,away_id,away_team,away_classification,away_conference,away_points,away_line_scores,away_postgame_win_probability,away_pregame_elo,away_postgame_elo,excitement_index,highlights,notes,playoff,playoff_competition,playoff_format,playoff_round,playoff_round_name,playoff_bracket_slot,playoff_home_seed,playoff_away_seed,playoff_bowl_name
401856766,2026,1,regular,2026-08-29T16:00:00.000Z,False,True,True,False,,3504.0,Aviva Stadium,2628,TCU,fbs,Big 12,10.0,[10  0  0  0],0.36772871017456055,1613.0,1595.0,153,North Carolina,fbs,ACC,15.0,[10  2  3  0],0.6322712898254395,1380.0,1398.0,6.501938416580931,,Aer Lingus College Football Classic,,,,,,,,,
401864494,2026,1,regular,2026-08-29T19:00:00.000Z,False,True,False,False,,477.0,Los Angeles Memorial Coliseum,30,USC,fbs,Big Ten,42.0,[ 7 21  7  7],0.9964043498039246,1747.0,1752.0,23,San José State,fbs,Mountain West,26.0,[ 0  0  3 23],0.0035956501960754395,1411.0,1406.0,3.0862318483027362,,,,,,,,,,,
401858202,2026,1,regular,2026-08-29T19:30:00.000Z,False,True,False,True,,3923.0,Scott Stadium,258,Virginia,fbs,ACC,34.0,[10  7  7 10],0.9934231638908386,1591.0,1655.0,152,NC State,fbs,ACC,8.0,[0 0 8 0],0.006576836109161377,1570.0,1506.0,3.250138883732314,,,,,,,,,,,
401864577,2026,1,regular,2026-08-29T21:30:00.000Z,False,True,False,False,,3714.0,Fargodome,2449,North Dakota State,fbs,Mountain West,33.0,[ 7 10 10  6],0.967404842376709,1500.0,1566.0,55,Jacksonville State,fbs,Conference USA,7.0,[7 0 0 0],0.032595157623291016,1494.0,1428.0,3.9305937665231743,,,,,,,,,,,
401866408,2026,1,regular,2026-08-29T22:30:00.000Z,False,True,False,True,,3912.0,Rynearson Stadium,2199,Eastern Michigan,fbs,Mid-American,28.0,[ 0 21  0  7],0.8984838128089905,1326.0,1360.0,16,Sacramento State,fbs,Mid-American,17.0,[ 0 10  0  7],0.10151618719100952,1500.0,1466.0,4.438013062049562,,,,,,,,,,,
401858201,2026,1,regular,2026-08-29T23:00:00.000Z,False,True,False,False,,3940.0,Stanford Stadium,24,Stanford,fbs,ACC,37.0,[ 7  7  9 14],0.9951261878013611,1390.0,1413.0,62,Hawai'i,fbs,Mountain West,27.0,[ 0  7  0 20],0.004873812198638916,1472.0,1449.0,6.770253187027743,,,,,,,,,,,
401864570,2026,1,regular,2026-08-29T23:00:00.000Z,False,True,False,False,,3697.0,Doak Campbell Stadium,52,Florida State,fbs,ACC,34.0,[ 3 14  7 10],0.9830204844474792,1537.0,1551.0,166,New Mexico State,fbs,Conference USA,17.0,[0 7 3 7],0.016979515552520752,1281.0,1267.0,4.624194922647494,,,,,,,,,,,
401862693,2026,1,regular,2026-08-30T02:00:00.000Z,False,True,False,False,,6501.0,Allegiant Stadium,2439,UNLV,fbs,Mountain West,21.0,[ 0 14  7  0],0.06116500869393349,1581.0,1566.0,235,Memphis,fbs,American Athletic,27.0,[ 0  7 17  3],0.9388349913060665,1526.0,1541.0,6.40825618898589,,,,,,,,,,,
401858423,2026,1,regular,2026-09-03T22:00:00.000Z,False,True,False,False,,6577.0,SHI Stadium,164,Rutgers,fbs,Big Ten,21.0,[ 7  0  0 14],0.0,1479.0,1381.0,113,Massachusetts,fbs,Mid-American,37.0,[ 7 17  3 10],1.0,978.0,1076.0,3.19174551401912,,,,,,,,,,,
401858204,2026,1,regular,2026-09-03T23:00:00.000Z,False,True,False,False,,3630.0,Allegacy Federal Credit Union Stadium,154,Wake Forest,fbs,ACC,38.0,[10 18  3  7],0.9861863851547241,1520.0,1516.0,2006,Akron,fbs,Mid-American,16.0,[ 0  3  0 13],0.013813614845275879,925.0,929.0,3.519302940050154,,,,,,,,,,,
401856776,2026,1,regular,2026-09-04T00:00:00.000Z,False,True,False,False,,721.0,Bobby Dodd Stadium,59,Georgia Tech,fbs,ACC,13.0,[ 0 10  0  3],0.46688950061798096,1563.0,1553.0,38,Colorado,fbs,Big 12,14.0,[0 7 0 7],0.533110499382019,1396.0,1406.0,6.240260056598781,,,,,,,,,,,
401858424,2026,1,regular,2026-09-04T01:00:00.000Z,False,True,False,False,,3832.0,"Memorial Stadium (Champaign, IL)",356,Illinois,fbs,Big Ten,42.0,[14  7  7 14],0.9480764269828796,1563.0,1595.0,5,UAB,fbs,American Athletic,23.0,[ 3 10  3  7],0.05192357301712036,1443.0,1411.0,4.75265847732276,,,,,,,,,,,
401864495,2026,1,regular,2026-09-04T22:30:00.000Z,False,True,False,False,,3912.0,Rynearson Stadium,2199,Eastern Michigan,fbs,Mid-American,21.0,[ 0  7 14  0],0.014554588124155998,1360.0,1353.0,23,San José State,fbs,Mountain West,27.0,[ 0 10  7 10],0.985445411875844,1406.0,1413.0,5.895337083138708,,,,,,,,,,,
401856664,2026,1,regular,2026-09-05T00:00:00.000Z,False,True,False,False,,3835.0,"Memorial Stadium (Norman, OK)",201,Oklahoma,fbs,SEC,51.0,[21  6 17  7],0.9970476031303406,1706.0,1799.0,2638,UTEP,fbs,Mountain West,0.0,[0 0 0 0],0.002952396869659424,1256.0,1163.0,2.623170964158081,,,,,,,,,,,
401858429,2026,1,regular,2026-09-05T00:00:00.000Z,False,True,False,False,,3936.0,Spartan Stadium,127,Michigan State,fbs,Big Ten,30.0,[10  9  0 11],0.5315693616867065,1439.0,1468.0,2649,Toledo,fbs,Mid-American,20.0,[0 7 7 6],0.46843063831329346,1597.0,1568.0,4.890609370532793,,,,,,,,,,,
401858206,2026,1,regular,2026-09-05T01:00:00.000Z,False,True,False,True,,3940.0,Stanford Stadium,24,Stanford,fbs,ACC,6.0,[3 3 0 0],0.018528111279010773,1413.0,1354.0,2390,Miami,fbs,ACC,45.0,[14 14 14  3],0.9814718887209892,1842.0,1901.0,3.861456675658052,,,,,,,,,,,
401858436,2026,1,regular,2026-09-05T01:00:00.000Z,False,True,False,False,,477.0,Los Angeles Memorial Coliseum,30,USC,fbs,Big Ten,39.0,[ 7 23  2  7],0.9699721336364746,1752.0,1835.0,278,Fresno State,fbs,Pac-12,0.0,[0 0 0 0],0.03002786636352539,1532.0,1449.0,3.768518413523263,,,,,,,,,,,
