id,home_team,away_team,sp_prior_diff,adj_margin_diff,elo_diff,off_ypp_h,off_ypp_a,ps_ypp_h,ps_ypp_a,linear_prior_margin,gbm_correction,reconstructed_margin,archived_margin
401856634,Alabama,East Carolina,6.800000000000001,1.7927353916077884,72.35457241685913,6.698076958420889,5.680881966770637,5.488002266585707,5.75767691041989,5.964285399032075,8.710666732173614,14.67495213120569,14.7
401856778,Houston,Oregon State,23.3,5.065567019080997,110.91617229359122,5.835746317010686,5.5718157476831145,5.650242984928924,4.709932405703077,12.693988210080729,0.528096378394175,13.222084588474903,13.4
401856780,West Virginia,Coastal Carolina,8.3,0.609659374530354,-7.167517344077851,5.675743120859795,5.930160121908998,4.602206757418362,4.847319526119687,5.155679300455189,2.9413887103064553,8.097068010761644,7.6
401858425,Indiana,North Texas,18.599999999999998,6.745874098611311,92.02854147944504,5.528167351339963,5.916852006971028,6.755643204904339,7.438128716143928,15.343402419765836,2.5166610143234016,17.860063434089238,18.9
401858430,Nebraska,Ohio,10.2,-1.3202852343997318,-71.50086282918846,5.654609976564236,5.936031910955949,5.650715661302634,5.956870843927409,2.909309340990149,6.529342294945907,9.438651635936056,8.8
401869960,James Madison,Liberty,21.3,6.9100010315547244,125.16891403651516,6.201406328577505,6.145168623994233,6.502182665351669,5.723609313480218,15.452464512663177,-0.45242291699173776,15.000041595671439,14.9
401858207,Pittsburgh,Miami (OH),11.8,1.9016127527781093,2.3835781102820874,5.709531136314148,5.309943162287156,5.573268975435956,5.398136122258976,7.585486699459781,0.3698962953321697,7.955382994791951,8.8
401858432,Ohio State,Ball State,53.1,14.851735058089698,229.5385396388583,6.8594168138595,5.174100219938003,6.4893491148100315,4.07483834791414,30.81170306256406,7.880153376463041,38.6918564390271,38.6
401856665,South Carolina,Kent State,25.200000000000003,7.30123048760275,78.88776605939961,5.534488710886873,5.01619753642382,5.487786652961528,5.129921662036431,17.129328357436258,7.752678698359953,24.882007055796212,24.7
401856636,Auburn,Baylor,10.2,1.8204468314438085,-12.260544797332386,5.790101196588804,6.078005822145833,5.1351537916370695,5.946058879452042,7.481702753793242,2.608958031814345,10.090660785607588,8.6
401856667,Texas,Texas State,13.899999999999999,3.0380381987564,112.28747564297191,5.920198926644561,5.339934017376956,5.997656706221625,6.863484189956714,8.270379193697535,7.847413441409977,16.117792635107513,15.7
401856777,Cincinnati,Boston College,13.0,3.098809154891476,49.48853595921992,5.9662490176141345,5.180782380899894,6.565024236940638,5.467546725178038,9.12165592902378,-0.3240338852091574,8.797622043814622,8.2
401858209,Duke,Tulane,0.2999999999999998,-0.9000317763609889,-24.799417376960264,5.334133561478136,5.563541837326143,5.993895628185374,6.203714737781896,2.010298246470962,1.6927926973168084,3.70309094378777,3.3
401858433,Oregon,Boise State,22.799999999999997,5.357996610078326,91.50922484462171,6.685289489471926,6.118546593363109,6.951353857059611,5.69919511685483,13.402046635292182,6.3115338985714455,19.713580533863627,19.7
401858434,Penn State,Marshall,22.6,4.705634219557548,68.31713246564618,5.862534802731339,5.773574806783981,5.793892688431478,5.93101770688688,12.577494697123841,3.3836790431573966,15.961173740281238,16.6
401856772,Tulsa,Oklahoma State,5.1,2.1170057196771292,15.464349992488906,5.449236233707132,5.9059920259226715,5.265519975139094,4.450375750338723,7.106367370923159,-0.34110920170095665,6.765258169222203,6.5
401858426,Iowa,Northern Illinois,36.4,6.955951835734169,133.17785439223212,5.108876648720161,5.399771842406663,5.312920563683142,4.651909590297015,16.93944249322761,4.011081162254091,20.9505236554817,20.3
401860878,Colorado State,Wyoming,-4.299999999999999,-1.0437498941204302,-19.439247318672642,5.8777057247846,5.3903368282901605,5.207883224971926,4.754217653856672,1.2317537458092214,1.6876339772363445,2.919387723045566,2.6
401856668,Texas A&M,Missouri State,31.4,6.052700862894688,83.12529191373687,6.048690018880519,5.967770664471723,6.46517052847783,5.967770664471723,15.563154475956075,8.398899171344194,23.96205364730027,24.0
401862695,Memphis,Arkansas State,16.4,4.902816864887537,62.27034291857217,6.215184528659291,5.594073948290158,6.001506214868814,5.075250089933642,12.372649474357884,-0.6840468378367276,11.688602636521155,11.3
401862699,South Florida,Florida International,22.1,5.592935270950665,48.74471024165632,5.729228184101774,5.1322851575052395,6.933049214855533,5.654814047717648,14.30349386702916,1.64876102033404,15.9522548873632,16.1
401870763,Troy,Sam Houston,23.0,4.809739414886375,69.32923932025506,5.529151858332283,4.81479681755243,4.473311954107472,4.907939238954726,12.781891787521639,-0.2925287673609678,12.48936302016067,13.0
401856660,LSU,Clemson,0.8000000000000007,-1.3415166409113528,-6.716386944174246,6.380224122874987,6.039506163984333,5.25965982630169,5.637925213579099,1.0653934597419628,2.630892823661988,3.6962862834039507,2.8
401856662,Mississippi State,UL Monroe,25.700000000000003,4.470450774590513,42.35392271596788,5.671350851494201,5.160104470343106,5.293273479978299,5.120805756968978,12.833413003497089,6.514520774589827,19.347933778086915,20.2
401858428,Michigan,Western Michigan,13.8,2.0064098484200006,62.528474422775844,5.8345950649280605,5.781999863750801,6.123705468298449,5.218083562288285,7.162714646701149,7.443338548419009,14.606053195120158,14.6
401856637,Florida,Florida Atlantic,12.2,2.9137756882833745,69.10384988514352,5.737782283386727,5.61321056319265,5.293491618473268,5.724045916965909,8.46373244363888,7.222558486728908,15.68629093036779,14.8
401864497,Hawai'i,UNLV,-2.5999999999999996,-2.7392283824487924,-52.49016876260475,5.520111261309973,5.611766462492773,5.7397615089282,6.80068233347813,-1.051694456297305,-1.1465905231647358,-2.1982849794620405,-1.8
401864498,New Mexico,Central Michigan,9.700000000000001,3.1531762800049976,45.618838438075045,5.624212524459715,5.4335929284395945,5.7070370383553515,5.211426139398572,8.934941067125271,0.5647848006879893,9.499725867813261,8.9
401858210,California,UCLA,5.499999999999999,2.54134032148182,22.16656685323869,5.488248684808218,5.909692716177513,5.127611916545399,5.140342306386313,7.781636275931074,-0.44413688549576236,7.337499390435312,7.8
401864432,Nevada,Western Kentucky,-15.0,-3.9008182822844915,-126.41591016826146,5.382008538573582,6.1539094552407985,4.87929157123428,5.606255532173827,-3.2932192561988978,0.32304406340477193,-2.970175192794126,-1.7
401858437,Washington,Washington State,14.599999999999998,2.141310196343315,58.22799407245384,6.110902954177918,5.825625770232822,6.320029057013286,5.27432343515149,7.5307139908695495,3.063626844346881,10.59434083521643,9.2
401856661,Ole Miss,Louisville,11.6,3.0571616293776547,66.59398705804028,6.468485351236171,6.3389606999231205,6.663125372732338,5.815245214855119,8.681833510187362,2.8853800289512255,11.567213539138587,11.1
401858438,Notre Dame,Wisconsin,28.799999999999997,10.83806505735495,152.87045681977088,6.3874686516619805,5.752060377663786,7.581934955477357,4.3992895521151025,22.54265497979205,2.4182620357045477,24.960917015496598,25.1
401858212,Florida State,SMU,-6.2,-2.608277932198089,-101.08212367922533,6.044350349968089,5.805733089314142,6.394074197720491,6.313470626140417,-0.5410897455209522,1.6281721766270645,1.0870824311061122,0.9
