season,phase,games,margin_mae,market_mae,excess_mae,favorite_bias
2019,Week 1,45,10.24886637040006,10.233333333333333,0.015533037066726527,-4.374405461805036
2019,Weeks 2-4,143,13.289699665944962,12.06993006993007,1.2197695960148933,-5.155821471392941
2019,Weeks 5-8,212,13.157786484286877,11.97995283018868,1.1778336540981966,-0.577220605645035
2019,Weeks 9+,334,13.039033431182323,12.521706586826348,0.5173268443559744,-0.9469796512784703
2020,Week 1,5,28.558219490951444,27.2,1.3582194909514456,-9.797349139553463
2020,Weeks 2-4,56,13.643708159893082,13.941964285714286,-0.29825612582120326,0.22778978711589648
2020,Weeks 5-8,126,13.370385452633927,12.549603174603174,0.8207822780307524,-0.9789833082041847
2020,Weeks 9+,321,13.261374418616818,12.641744548286605,0.6196298703302133,-2.7341502504067554
2021,Week 1,50,15.847041155343602,12.965,2.8820411553436016,-5.409930205440776
2021,Weeks 2-4,155,13.423781671230042,12.516129032258064,0.9076526389719787,-1.7465333670417973
2021,Weeks 5-8,216,13.196691080100079,12.671296296296296,0.5253947838037814,-0.47977932050688393
2021,Weeks 9+,311,13.344720101912229,12.421221864951768,0.9234982369604604,-0.5342945294642465
2022,Week 1,53,13.810342228570232,11.297169811320755,2.513172417249476,-7.45664894048256
2022,Weeks 2-4,157,13.525030668468911,12.1671974522293,1.3578332162396118,-1.1467788051673504
2022,Weeks 5-8,217,12.077410480241008,11.858294930875577,0.219115549365431,1.4905232047997155
2022,Weeks 9+,307,12.650245625600437,12.220684039087947,0.42956158651248855,0.4327623642333762
2023,Week 1,52,11.482076135669509,11.442307692307692,0.03976844336181529,-2.100726811709365
2023,Weeks 2-4,164,11.916457165524225,10.757621951219512,1.1588352143047127,-2.689339949027467
2023,Weeks 5-8,214,12.594551915989037,12.399532710280374,0.1950192057086639,-0.44517260625198357
2023,Weeks 9+,320,12.998961511229695,12.3828125,0.6161490112296932,-0.14950527809090594
2024,Week 1,39,14.490030879392265,13.33974358974359,1.150287289648673,1.486696076954221
2024,Weeks 2-4,155,14.301271169278076,12.956451612903226,1.3448195563748504,-3.619423098283806
2024,Weeks 5-8,212,12.434058656878575,11.415094339622641,1.0189643172559324,-0.913796756077862
2024,Weeks 9+,346,12.589797801354168,12.246387283236995,0.34341051811717427,0.7346513724216883
2025,Week 1,48,13.615331246730081,12.322916666666666,1.2924145800634148,-7.231943846037674
2025,Weeks 2-4,147,13.422599518332369,12.07312925170068,1.3494702666316885,-2.7918071696107067
2025,Weeks 5-8,216,12.034789675811124,11.416666666666666,0.6181230091444571,-2.1005400992878775
2025,Weeks 9+,351,12.456947689597198,11.950142450142451,0.5068052394547475,-1.190685528562695
